5 8 cm -1.wav,6 2 cm -f DENOISE.wav,6 2 cm -f.wav,6 7 cm -f.wav,7 5 cm -1 DENOISE.wav,7 9 cm -f DENOISE.wav,8 7 cm -f DENOISE.wav,8 7 cm -f.wav,9 3 cm -1 DENOISE.wav,9 3 cm -1.wav,9 4 cm -f.wav
0.07170833333333333,0.3255416666666667,0.3255416666666667,0.05504166666666667,0.3572916666666667,0.053625,0.15554166666666666,0.15554166666666666,0.36370833333333336,0.36370833333333336,0.047875
0.30120833333333336,0.546125,0.546125,0.256125,0.5397916666666667,0.23979166666666665,0.3414583333333333,0.3414583333333333,0.7287083333333333,0.728625,0.5067916666666666
0.533125,0.7709583333333333,0.7709583333333333,0.45445833333333335,0.7212916666666667,0.42854166666666665,0.533125,0.533125,0.9110416666666666,0.9110416666666666,0.6434583333333334
0.758625,1.007125,1.007125,0.653375,0.9050416666666666,0.6167083333333333,0.708125,0.708125,1.2785416666666667,1.2785416666666667,0.7974583333333334
1.2102083333333333,1.4290416666666668,1.4290416666666668,0.852375,1.085875,0.8034583333333334,0.8884583333333333,0.8884583333333333,1.4662083333333333,1.4662083333333333,0.9497083333333334
1.4462083333333333,1.6659583333333334,1.6659583333333334,1.0514583333333334,1.269125,0.9897916666666666,1.2402083333333334,1.2402083333333334,1.6550416666666667,1.6550416666666667,1.1017083333333333
1.6735416666666667,1.882875,1.882875,1.2505416666666667,1.4547083333333333,1.1797916666666666,1.4304583333333334,1.4304583333333334,2.015041666666667,2.015041666666667,1.2535416666666668
1.9117916666666666,2.1180416666666666,2.1180416666666666,1.4497916666666666,1.6425416666666666,1.3675416666666667,1.6057083333333333,1.6057083333333333,2.381625,2.381625,1.4044583333333334
2.1485416666666666,2.3352083333333336,2.3352083333333336,1.6490416666666667,1.838625,1.5549583333333334,1.788375,1.788375,2.746958333333333,2.746958333333333,1.555125
2.3892083333333334,2.562625,2.562625,1.848125,2.034375,1.7447916666666667,1.9764583333333334,1.9764583333333334,2.9339583333333334,2.9339583333333334,1.707375
2.6260416666666666,2.7764583333333333,2.7764583333333333,2.0475416666666666,2.220875,1.9337083333333334,2.1655416666666665,2.1655416666666665,3.122875,3.122875,1.8602916666666667
2.864875,2.991875,2.991875,2.247125,2.4170416666666665,2.121541666666667,2.336875,2.336875,3.4867916666666665,3.4867916666666665,2.0130416666666666
3.1065416666666668,3.227625,3.227625,2.4467916666666665,2.870458333333333,2.307375,2.523791666666667,2.523791666666667,3.850875,3.850875,2.165125
3.3429583333333333,3.452125,3.452125,2.646708333333333,3.093625,2.497375,2.884625,2.884625,4.038208333333333,4.038208333333333,2.3182916666666666
3.581875,3.687708333333333,3.687708333333333,2.845458333333333,3.264291666666667,2.685375,3.061125,3.061125,4.224708333333333,4.224708333333333,2.472208333333333
3.8209583333333335,3.905291666666667,3.905291666666667,3.0442916666666666,3.451875,2.872625,3.4212083333333334,3.4212083333333334,4.406458333333333,4.406458333333333,2.626375
4.060291666666667,4.132458333333333,4.132458333333333,3.2440416666666665,3.6214583333333334,3.0632916666666667,3.5974583333333334,3.5974583333333334,4.600125,4.600125,2.7807916666666666
4.299375,4.348375,4.348375,3.443375,3.7984583333333335,3.2500416666666667,3.948875,3.948875,4.780625,4.780625,2.935375
4.538791666666667,4.572875,4.572875,3.642875,3.9727083333333333,3.4362083333333335,4.136208333333333,4.136208333333333,5.153125,5.153125,3.0892916666666665
4.778125,4.807875,4.807875,3.8424583333333335,4.148125,3.626125,4.503875,4.503875,5.346791666666666,5.346791666666666,3.2430416666666666
5.017125,5.028791666666667,5.028791666666667,4.042041666666667,4.323875,3.8150416666666667,4.861791666666667,4.861791666666667,5.530375,5.530375,3.396625
5.256625,5.267791666666667,5.267791666666667,4.241625,4.500208333333333,4.002208333333333,5.039541666666667,5.039541666666667,5.714875,5.714875,3.551375
5.495875,5.485875,5.485875,4.440791666666667,4.676541666666667,4.192875,5.231041666666667,5.231041666666667,5.905125,5.905125,3.706375
5.7352083333333335,5.719875,5.719875,4.640041666666667,4.852041666666667,4.378708333333333,5.408041666666667,5.408041666666667,6.088708333333333,6.088708333333333,3.8602083333333335
5.977291666666667,5.956041666666667,5.956041666666667,4.839208333333334,5.027541666666667,4.5637083333333335,5.760291666666666,5.760291666666666,6.278625,6.278625,4.013625
6.214208333333334,6.176291666666667,6.176291666666667,5.038541666666666,5.204208333333334,4.753125,5.947958333333333,5.947958333333333,6.466125,6.466125,4.168208333333333
6.453791666666667,6.413458333333334,6.413458333333334,5.237875,5.380708333333334,4.943708333333333,6.132791666666667,6.132791666666667,6.650041666666667,6.650041666666667,4.323958333333334
6.693375,6.633041666666666,6.633041666666666,5.284958333333333,5.555958333333334,5.1317916666666665,6.485125,6.485125,6.837625,6.837625,4.476625
6.932791666666667,6.8617083333333335,6.8617083333333335,5.436875,5.731458333333333,5.318791666666667,6.671541666666666,6.671541666666666,7.027458333333334,7.027458333333334,4.629125
7.173208333333333,7.080625,7.080625,5.484125,5.908291666666667,5.5092083333333335,6.858625,6.858625,7.214708333333333,7.214708333333333,4.782708333333333
7.412375,7.306958333333333,7.306958333333333,5.636458333333334,6.084625,5.696208333333334,7.051625,7.051625,7.398041666666667,7.398041666666667,4.9387083333333335
7.652291666666667,7.538208333333333,7.538208333333333,5.835708333333334,6.260541666666667,5.8810416666666665,7.228458333333333,7.228458333333333,7.585625,7.585625,5.091625
7.891791666666666,7.7720416666666665,7.7720416666666665,6.034875,6.436541666666667,6.069875,7.409791666666667,7.409791666666667,7.775791666666667,7.775791666666667,5.243541666666666
8.131291666666666,7.990875,7.990875,6.234041666666666,6.613541666666666,6.260791666666667,7.588291666666667,7.588291666666667,8.142625,8.142625,5.396125
8.370541666666666,8.218375,8.218375,6.280291666666667,6.789541666666667,6.447208333333333,7.764625,7.764625,8.334375,8.334375,5.550208333333333
8.610875,8.432375,8.432375,6.433541666666667,6.964958333333334,6.633291666666667,7.947958333333333,7.947958333333333,8.523541666666667,8.523541666666667,5.706375
8.850208333333333,8.654125,8.654125,6.632875,7.1422083333333335,6.823958333333334,8.126125,8.126125,8.710625,8.710625,5.859125
9.090041666666666,8.889958333333333,8.889958333333333,6.832208333333333,7.318125,7.014125,8.299625,8.299625,9.075708333333333,9.075708333333333,6.010458333333333
9.330541666666667,9.109458333333333,9.109458333333333,7.0317083333333334,7.493625,7.202375,8.490875,8.490875,9.443375,9.443375,6.161791666666667
9.570375,9.345291666666666,9.345291666666666,7.077791666666666,7.670958333333333,7.393625,8.681625,8.681625,9.807791666666667,9.807791666666667,6.312791666666667
9.810375,9.577125,9.577125,7.230791666666667,7.847541666666666,7.582125,8.858458333333333,8.858458333333333,9.995458333333334,9.995458333333334,6.469541666666666
10.049875,9.807208333333334,9.807208333333334,7.2727916666666665,8.022791666666667,7.770208333333334,9.211541666666667,9.211541666666667,10.181125,10.181125,6.620875
10.290458333333333,10.236375,10.236375,7.430125,8.200041666666667,7.961541666666666,9.398291666666667,9.398291666666667,10.374291666666666,10.374291666666666,6.768958333333333
10.530125,10.475291666666667,10.475291666666667,7.629541666666666,8.377125,8.148625,9.585041666666667,9.585041666666667,10.558458333333334,10.558458333333334,6.923125
10.770791666666666,10.706541666666666,10.706541666666666,7.8289583333333335,8.552375,8.336375,9.771791666666667,9.771791666666667,10.743708333333334,10.743708333333334,7.078541666666666
11.012625,10.937708333333333,10.937708333333333,7.870958333333333,8.729291666666667,8.527458333333334,9.958791666666666,9.958791666666666,10.934458333333334,10.934458333333334,7.231041666666667
11.251458333333334,11.173625,11.173625,8.028291666666666,8.906791666666667,8.713625,10.144875,10.144875,11.307875,11.307875,7.382041666666667
11.491708333333333,11.403375,11.403375,8.227958333333333,9.082791666666667,8.898958333333333,10.332708333333333,10.332708333333333,11.675958333333334,11.675958333333334,7.534625
11.731625,11.625541666666667,11.625541666666667,8.427375,9.258791666666667,9.089541666666667,10.525958333333334,10.525958333333334,11.865208333333333,11.865208333333333,7.689041666666666
11.971875,11.857125,11.857125,8.626625,9.436458333333333,9.280541666666666,10.702791666666666,10.702791666666666,12.056708333333333,12.056708333333333,7.8417916666666665
12.212625,12.094458333333334,12.094458333333334,8.826375,9.613958333333333,9.471958333333333,11.077041666666666,11.077041666666666,12.244791666666666,12.244791666666666,7.992208333333333
12.452541666666667,12.526791666666666,12.526791666666666,8.872375,9.790458333333333,9.663291666666666,11.239541666666666,11.239541666666666,12.433041666666666,12.433041666666666,8.145125
12.692958333333333,12.762041666666667,12.762041666666667,9.025708333333334,9.967458333333333,9.854375,11.437875,11.437875,12.805375,12.805375,8.300041666666667
12.933458333333334,12.997541666666667,12.997541666666667,9.225041666666666,10.144041666666666,10.040375,11.609458333333333,11.609458333333333,12.998875,12.998875,8.453708333333333
13.173875,13.429625,13.429625,9.424625,10.320708333333334,10.225625,11.792291666666667,11.792291666666667,13.184875,13.187625,8.604875
13.414791666666666,13.667125,13.667125,9.624291666666666,10.497875,10.415958333333334,11.981708333333334,11.981791666666666,13.375208333333333,13.375208333333333,8.757125
13.655291666666667,13.902125,13.898625,9.823708333333334,10.674708333333333,10.607291666666667,12.153041666666667,12.153041666666667,13.732708333333333,13.732708333333333,8.911208333333333
13.895375,14.140291666666666,14.118791666666667,10.023041666666666,10.850958333333333,10.797708333333333,12.340125,12.340125,14.102791666666667,14.102791666666667,9.065708333333333
14.136458333333334,14.374291666666666,14.301708333333334,10.222541666666666,11.028625,10.986375,12.693791666666666,12.693791666666666,14.287375,14.287375,9.220041666666667
14.377208333333334,14.601875,14.317541666666667,10.422125,11.205875,11.177708333333333,12.880708333333333,12.880708333333333,14.479125,14.479125,9.373625
14.617875,14.820541666666667,14.350208333333333,10.467958333333334,11.381958333333333,11.369375,13.067375,13.067375,14.667208333333333,14.667208333333333,9.526541666666667
14.858625,15.257791666666666,14.439875,10.621875,11.559208333333334,11.555958333333333,13.255291666666666,13.255291666666666,15.039458333333334,15.039458333333334,9.679708333333334
15.098958333333334,15.490375,14.498291666666667,10.821208333333333,11.736375,11.741375,13.444458333333333,13.444458333333333,15.232041666666667,15.232041666666667,9.833958333333333
15.340041666666666,15.738375,14.585791666666667,11.020708333333333,11.912958333333334,11.931708333333333,13.627125,13.627125,15.419875,15.419875,9.988875
15.580458333333333,15.971041666666666,14.667541666666667,11.220125,12.090625,12.123125,13.980041666666667,13.980041666666667,15.787208333333334,15.787208333333334,10.143708333333333
15.821291666666667,16.182041666666667,14.732291666666667,11.419875,12.267375,12.312041666666667,14.168458333333334,14.168458333333334,15.976041666666667,15.976041666666667,10.296708333333333
16.062708333333333,16.402375,14.746125,11.619208333333333,12.444041666666667,12.500541666666667,14.362041666666666,14.362041666666666,16.166708333333332,16.166708333333332,10.447958333333334
16.303708333333333,16.642458333333334,14.765541666666667,11.665041666666667,12.621958333333334,12.692041666666666,14.539041666666666,14.539041666666666,16.356625,16.356625,10.599708333333334
16.543958333333332,16.879041666666666,15.022625,11.818625,12.798375,12.879458333333334,14.901875,14.901875,16.543708333333335,16.543708333333335,10.753541666666667
16.785541666666667,17.097208333333334,15.260791666666666,12.018125,12.975208333333333,13.066375,15.079791666666667,15.079791666666667,16.729041666666667,16.729041666666667,10.907708333333334
17.026625,17.331125,15.494791666666666,12.064208333333333,13.153541666666667,13.257125,15.433708333333334,15.433708333333334,16.924875,16.924875,11.062208333333333
17.267125,17.768791666666665,15.722375,12.217625,13.329875,13.448541666666667,15.620125,15.620125,17.107291666666665,17.107291666666665,11.217208333333334
17.508791666666667,18.004791666666666,15.944875,12.417125,13.506708333333334,13.638791666666666,15.808125,15.808125,17.304291666666668,17.304291666666668,11.372041666666666
17.749375,18.239125,16.179875,12.616625,13.685291666666666,13.828958333333333,15.997541666666667,15.997541666666667,17.488208333333333,17.488208333333333,11.525541666666667
17.991041666666668,18.46345833333333,16.353625,12.816125,13.861791666666667,14.017791666666668,16.18145833333333,16.18145833333333,17.859291666666667,17.859291666666667,11.677208333333333
18.232291666666665,18.692125,16.415208333333332,13.015708333333333,14.038708333333334,14.204708333333333,16.535125,16.535125,18.225791666666666,18.225791666666666,11.828875
18.473458333333333,18.940375,16.504041666666666,13.215458333333334,14.217208333333334,14.395041666666666,16.724541666666667,16.724541666666667,18.414041666666666,18.414041666666666,11.982875
18.714791666666667,19.177875,16.548541666666665,13.414791666666666,14.393791666666667,14.586625,16.907291666666666,16.907291666666666,18.600041666666666,18.600041666666666,12.137458333333333
18.956125,19.402541666666668,16.562125,13.614291666666666,14.570791666666667,14.773791666666666,17.261125,17.261125,18.791708333333332,18.791708333333332,12.292375
19.196875,19.63254166666667,16.616875,13.660375,14.749125,14.959958333333333,17.451041666666665,17.451041666666665,19.160875,19.160875,12.447208333333334
19.438291666666668,19.875791666666668,16.849458333333335,13.814125,14.925958333333334,15.150125,17.63404166666667,17.63404166666667,19.529125,19.529125,12.601125
19.680375,20.328625,17.085208333333334,14.014708333333333,15.103208333333333,15.341625,17.988458333333334,17.988458333333334,19.717958333333332,19.717958333333332,12.753375
19.921708333333335,20.549625,17.321208333333335,14.213041666666667,15.281375,15.528291666666666,18.175208333333334,18.175208333333334,19.915208333333332,19.915208333333332,12.905041666666667
20.163291666666666,20.784458333333333,17.535708333333332,14.412541666666666,15.457791666666667,15.715125,18.363291666666665,18.363291666666665,20.099875,20.099875,13.057708333333334
20.404791666666668,21.006291666666666,17.761291666666665,14.612375,15.636041666666667,15.905958333333333,18.548791666666666,18.548791666666666,20.284041666666667,20.284041666666667,13.211541666666667
20.645875,21.235041666666667,17.994125,14.811708333333334,15.813125,16.097291666666667,18.736875,18.736875,20.475791666666666,20.475791666666666,13.365708333333334
20.887958333333334,21.477625,18.229708333333335,15.011458333333334,15.990958333333333,16.288291666666666,19.091291666666667,19.091291666666667,20.845625,20.845625,13.519958333333333
21.129541666666668,21.696958333333335,18.617958333333334,15.211208333333333,16.169125,16.476625,19.279791666666668,19.279791666666668,21.219458333333332,21.219458333333332,13.674541666666666
21.370708333333333,21.928958333333334,18.672625,15.410625,16.346791666666668,16.663291666666666,19.473291666666668,19.473291666666668,21.411875,21.411875,13.829041666666667
21.613041666666668,22.372708333333332,18.752291666666668,15.609125,16.524041666666665,16.853708333333334,19.651041666666668,19.651041666666668,21.781625,21.781625,13.983291666666666
21.854708333333335,22.821708333333333,18.907041666666668,15.655041666666667,16.701791666666665,17.045291666666667,19.832125,19.832125,21.969791666666666,21.969791666666666,14.137125
22.096375,23.033958333333334,19.144541666666665,15.808708333333334,16.879208333333334,17.231708333333334,20.013958333333335,20.013958333333335,22.156875,22.156875,14.290541666666666
22.338375,23.270291666666665,19.362875,15.853458333333334,17.056541666666668,17.417458333333332,20.192208333333333,20.192208333333333,22.348791666666667,22.348791666666667,14.444125
22.580041666666666,23.721541666666667,19.595541666666666,16.007041666666666,17.234458333333333,17.608208333333334,20.546125,20.546125,22.718541666666667,22.718541666666667,14.598208333333334
22.822208333333332,23.946291666666667,19.806541666666668,16.206875,17.411291666666667,17.800208333333334,20.733875,20.733875,23.093125,23.093125,14.751958333333333
23.064041666666668,24.178125,20.030541666666668,16.406458333333333,17.589375,17.989041666666665,20.920125,20.920125,23.285708333333332,23.285708333333332,14.905625
23.305625,24.404875,20.264125,16.448458333333335,17.766791666666666,18.177375,21.108541666666667,21.108541666666667,23.655625,23.655625,15.059541666666666
23.547625,24.638708333333334,20.503625,16.606208333333335,17.944541666666666,18.368875,21.464458333333333,21.464458333333333,24.034541666666666,24.034541666666666,15.213375
23.790041666666667,24.879291666666667,20.718625,16.651791666666668,18.122375,18.557541666666665,21.643375,21.643375,24.222291666666667,24.222291666666667,15.367041666666667
24.032125,25.109625,20.955625,16.805541666666667,18.300625,18.744291666666665,21.830791666666666,21.830791666666666,24.413708333333332,24.413708333333332,15.520791666666666
24.27370833333333,25.324541666666665,21.393291666666666,17.005208333333332,18.478958333333335,18.935041666666667,22.019375,22.019375,24.603708333333334,24.603708333333334,15.674791666666666
24.516375,25.563458333333333,21.623458333333332,17.205208333333335,18.656791666666667,19.126958333333334,22.373958333333334,22.373958333333334,24.791458333333335,24.791458333333335,15.828375
24.758625,25.778041666666667,21.866375,17.251041666666666,18.834541666666667,19.314541666666667,22.552125,22.551958333333335,25.164125,25.164125,15.981791666666666
25.000791666666668,26.013458333333332,22.087958333333333,17.404958333333333,19.012041666666665,19.502541666666666,22.740541666666665,22.740541666666665,25.354708333333335,25.354708333333335,16.135375
25.243125,26.231875,22.322458333333334,17.446708333333333,19.190208333333334,19.694125,23.095458333333333,23.095458333333333,25.550625,25.550625,16.288625
25.485458333333334,26.468208333333333,22.559791666666666,17.604375,19.368291666666668,20.064375,23.284208333333332,23.284208333333332,25.742541666666668,25.742541666666668,16.441791666666667
25.727208333333333,26.918125,22.785041666666668,17.80420833333333,19.545791666666666,20.423541666666665,23.471625,23.471625,25.928708333333333,25.928708333333333,16.594958333333334
25.969625,27.360541666666666,23.015041666666665,18.003625,19.723708333333335,20.612375,23.654041666666668,23.654041666666668,26.120625,26.120625,16.748291666666667
26.212458333333334,27.601875,23.257291666666667,18.045625,19.901625,20.801541666666665,24.020458333333334,24.020458333333334,26.500541666666667,26.500541666666667,16.901625
26.454541666666668,27.831375,23.477208333333333,18.203375,20.079625,20.993541666666665,24.196791666666666,24.196791666666666,26.693625,26.693625,17.054875
26.697625,28.057958333333332,23.717875,18.402958333333334,20.257375,21.362958333333335,24.551458333333333,24.551458333333333,27.068791666666666,27.068791666666666,17.208208333333335
26.939541666666667,28.294458333333335,23.956291666666665,18.444958333333332,20.435041666666667,21.548208333333335,24.739708333333333,24.739708333333333,27.253541666666667,27.253541666666667,17.361625
27.182458333333333,28.533625,24.175625,18.602541666666667,20.613291666666665,21.735041666666667,24.925875,24.925875,27.451041666666665,27.451041666666665,17.514875
27.425125,28.764208333333332,24.410291666666666,18.802375,20.791208333333334,21.926208333333335,25.114458333333335,25.114458333333335,27.822875,27.822875,17.667791666666666
27.667958333333335,28.999541666666666,24.630208333333332,19.001791666666666,20.969125,22.11820833333333,25.469791666666666,25.469791666666666,28.015791666666665,28.015791666666665,17.820541666666667
27.910125,29.238458333333334,24.862291666666668,19.201625,21.144791666666666,22.307958333333332,25.659375,25.659375,28.390041666666665,28.390041666666665,17.973041666666667
28.153458333333333,29.473208333333332,25.086458333333333,19.401125,21.323375,22.497875,25.848041666666667,25.848041666666667,28.583708333333334,28.583708333333334,18.125208333333333
28.396208333333334,29.922541666666667,25.320375,19.44729166666667,21.500791666666668,22.689958333333333,26.031208333333332,26.031208333333332,28.774375,28.774375,18.277125
28.639041666666667,30.147541666666665,25.558208333333333,19.600791666666666,21.67920833333333,22.879541666666668,26.386875,26.386875,28.968041666666668,28.968041666666668,18.429041666666667
28.881875,30.390625,26.009541666666667,19.800375,21.856958333333335,23.069625,26.574958333333335,26.574958333333335,29.160208333333333,29.160208333333333,18.581208333333333
29.124791666666667,30.626541666666668,26.453291666666665,19.842375,22.035541666666667,23.261541666666666,26.762125,26.762125,29.530791666666666,29.530791666666666,18.733041666666665
29.367541666666668,31.077291666666667,26.900625,20.000125,22.213125,23.453708333333335,26.949458333333332,26.949458333333332,29.719791666666666,29.719791666666666,18.88479166666667
29.610625,31.30570833333333,27.115708333333334,20.042125,22.391541666666665,23.639208333333332,27.138208333333335,27.138208333333335,29.910625,29.910625,19.036708333333333
29.853041666666666,31.544875,27.354458333333334,20.199791666666666,22.569458333333333,23.826041666666665,27.324208333333335,27.324208333333335,30.103208333333335,30.103208333333335,19.188708333333334
30.096625,31.780791666666666,27.802125,20.399541666666668,22.747958333333333,24.017625,27.504041666666666,27.504041666666666,30.478875,30.478875,19.340541666666667
30.339625,32.22870833333333,28.026875,20.599208333333333,22.925958333333334,24.209458333333334,27.687375,27.687375,30.671875,30.671875,19.492541666666668
30.582708333333333,32.69295833333333,28.258708333333335,20.799041666666668,23.104125,24.401041666666668,28.043458333333334,28.043458333333334,31.043875,31.043875,19.644458333333333
30.825791666666667,32.932125,28.481791666666666,20.998541666666668,23.282291666666666,24.586791666666667,28.231791666666666,28.231791666666666,31.416625,31.416625,19.796208333333333
31.068458333333332,33.152875,28.719708333333333,21.198291666666666,23.460375,24.774708333333333,28.418791666666667,28.418791666666667,31.609208333333335,31.609208333333335,19.947958333333332
31.312125,33.385625,28.959041666666668,21.399041666666665,23.638708333333334,24.966208333333334,28.607708333333335,28.607708333333335,31.801625,31.801625,20.09979166666667
31.555291666666665,33.62954166666667,29.192125,21.440958333333334,23.816958333333332,25.156708333333334,28.798291666666668,28.798291666666668,32.173291666666664,32.173291666666664,20.251791666666666
31.798375,33.86579166666667,29.405125,21.598875,23.995208333333334,25.346291666666666,28.978708333333334,28.978708333333334,32.54754166666667,32.54754166666667,20.403708333333334
32.041291666666666,34.079791666666665,29.640291666666666,21.798541666666665,24.173458333333333,25.538875,29.160541666666667,29.160541666666667,32.740208333333335,32.740208333333335,20.555208333333333
32.285125,34.318958333333335,29.856625,21.840291666666666,24.351791666666667,25.726125,29.334208333333333,29.334208333333333,32.93029166666667,32.93029166666667,20.707125
32.52795833333333,34.537625,30.095708333333334,21.998125,24.530208333333334,25.91454166666667,29.523125,29.523125,33.12895833333334,33.12895833333334,20.858958333333334
32.771375,34.773625,30.310458333333333,22.197791666666667,24.708541666666665,26.106541666666665,29.709125,29.709125,33.31254166666667,33.31254166666667,21.010458333333332
33.014875,34.988458333333334,30.548791666666666,22.397625,24.887041666666665,26.300791666666665,29.888958333333335,29.888958333333335,33.50895833333333,33.50895833333333,21.16229166666667
33.25879166666667,35.22920833333333,30.998708333333333,22.597375,25.065708333333333,26.476041666666667,30.071375,30.071375,33.69745833333333,33.69745833333333,21.313875
33.50179166666667,35.462291666666665,31.443208333333335,22.797291666666666,25.244041666666668,26.667875,30.255791666666667,30.255791666666667,34.07279166666667,34.07279166666667,21.465708333333332
33.74520833333333,35.688291666666665,31.678625,22.996541666666666,25.422541666666667,26.854541666666666,30.436958333333333,30.436958333333333,34.26679166666667,34.26679166666667,21.617291666666667
33.988791666666664,35.920875,31.911958333333335,23.038541666666667,25.601208333333332,27.041875,30.615791666666667,30.615791666666667,34.64854166666667,34.64854166666667,21.768708333333333
34.23229166666667,36.16320833333333,32.139625,23.196791666666666,25.779541666666667,27.233625,30.971791666666668,30.971791666666668,34.83345833333333,34.83345833333333,21.920625
34.47595833333333,36.40195833333333,32.37495833333333,23.397291666666668,25.958125,27.425875,31.160541666666667,31.160541666666667,35.03104166666667,35.03104166666667,22.072125
34.719541666666665,36.622875,32.613791666666664,23.597291666666667,26.136875,27.617125,31.351375,31.351375,35.216541666666664,35.216541666666664,22.223875
34.96329166666667,36.856875,32.843291666666666,23.797041666666665,26.315375,27.80495833333333,31.535791666666668,31.535791666666668,35.408541666666665,35.408541666666665,22.375375
35.206875,37.09804166666667,33.075208333333336,23.996625,26.493791666666667,27.99245833333333,31.891875,31.891875,35.601708333333335,35.601708333333335,22.526875
35.450541666666666,37.331375,33.318125,24.19654166666667,26.672708333333333,28.184291666666667,32.081041666666664,32.081041666666664,35.790875,35.790875,22.67845833333333
35.694875,37.56245833333333,33.553041666666665,24.242125,26.851208333333332,28.376458333333332,32.271875,32.271875,35.98929166666667,35.98929166666667,22.830958333333335
35.938625,37.795375,33.996291666666664,24.396291666666666,27.029958333333333,28.567291666666666,32.45645833333333,32.45645833333333,36.176541666666665,36.176541666666665,22.981125
36.181875,38.038875,34.23079166666667,24.441958333333332,27.208541666666665,28.759291666666666,32.81279166666667,32.81279166666667,36.366625,36.366625,23.132791666666666
36.42579166666667,38.27695833333333,34.707125,24.596291666666666,27.387291666666666,28.94504166666667,33.00154166666667,33.00154166666667,36.556875,36.556875,23.284041666666667
36.669625,38.49870833333333,35.149208333333334,24.638208333333335,27.565958333333334,29.132458333333332,33.18929166666667,33.18929166666667,36.936875,36.936875,23.435541666666666
36.91395833333333,38.729625,35.38129166666667,24.795875,27.744791666666668,29.324125,33.378125,33.378125,37.12470833333333,37.12470833333333,23.587041666666668
37.15745833333333,38.97420833333333,35.624541666666666,24.995708333333333,27.923458333333333,29.516375,33.56554166666667,33.56554166666667,37.31754166666666,37.31754166666666,23.738208333333333
37.40179166666667,39.212875,35.861291666666666,25.041541666666667,28.102208333333333,29.706958333333333,33.75479166666667,33.75479166666667,37.69320833333333,37.69320833333333,23.889041666666667
37.645208333333336,39.447208333333336,36.308458333333334,25.195375,28.280875,29.898208333333333,33.941208333333336,33.941208333333336,37.887125,37.887125,24.040708333333335
37.889291666666665,39.682875,36.53745833333333,25.395125,28.459625,30.086625,34.13045833333333,34.13045833333333,38.262791666666665,38.262791666666665,24.191291666666668
38.13345833333333,39.915375,36.77354166666667,25.595125,28.638291666666667,30.274375,34.31420833333333,34.31420833333333,38.45495833333333,38.45495833333333,24.342708333333334
38.37745833333334,40.147625,37.012791666666665,25.639625,28.816958333333332,30.466375,34.48704166666667,34.48704166666667,38.64779166666667,38.64779166666667,24.494458333333334
38.62170833333333,40.383125,37.231375,25.794875,28.995625,30.658041666666666,34.67579166666667,34.67579166666667,39.02704166666667,39.02704166666667,24.644291666666668
38.865875,40.618875,37.47195833333333,25.994791666666668,29.174458333333334,30.849458333333335,34.862541666666665,34.862541666666665,39.22045833333333,39.22045833333333,24.796375
39.110125,40.85254166666667,37.709208333333336,26.194375,29.353208333333335,31.037875,35.05195833333333,35.05195833333333,39.413625,39.413625,24.946375
39.354125,41.08920833333333,37.946375,26.240041666666666,29.531958333333332,31.226041666666667,35.236875,35.236875,39.605625,39.605625,25.097375
39.59879166666666,41.31404166666667,38.16495833333333,26.394291666666668,29.710791666666665,31.418208333333332,35.413625,35.413625,39.793708333333335,39.793708333333335,25.247708333333332
39.842625,41.555708333333335,38.40054166666667,26.594375,29.889458333333334,31.608625,35.599041666666665,35.599041666666665,39.984791666666666,39.984791666666666,25.399625
40.086875,41.790958333333336,38.613625,26.794208333333334,30.068291666666667,31.797958333333334,35.78270833333333,35.78270833333333,40.182875,40.182875,25.550125
40.33179166666667,42.03420833333333,38.854708333333335,26.993875,30.246958333333332,31.990375,35.960625,35.960625,40.555125,40.555125,25.700291666666665
40.575541666666666,42.27354166666667,39.073625,27.194458333333333,30.426041666666666,32.178875,36.146125,36.146125,40.74945833333334,40.74945833333334,25.851708333333335
40.82004166666667,42.51379166666667,39.30970833333333,27.393458333333335,30.604625,32.36720833333333,36.329625,36.329625,41.12820833333333,41.12820833333333,26.001208333333334
41.06495833333334,42.73520833333333,39.542875,27.594041666666666,30.783875,32.558791666666664,36.503791666666665,36.503791666666665,41.322125,41.322125,26.151625
41.308791666666664,42.966125,39.768875,27.638958333333335,30.962458333333334,32.751125,36.693125,36.693125,41.699375,41.699375,26.302458333333334
41.55345833333333,43.20529166666667,40.003375,27.792791666666666,31.142375,32.943125,36.881375,36.881375,41.903708333333334,41.903708333333334,26.455208333333335
41.79779166666667,43.44979166666667,40.24370833333333,27.992625,31.32004166666667,33.13120833333333,37.054875,37.054875,42.083625,42.083625,26.604125
42.042375,43.687375,40.48254166666667,28.192625,31.502125,33.319375,37.24279166666667,37.24279166666667,42.46745833333333,42.46745833333333,26.755125
42.286875,43.92279166666667,40.70345833333333,28.392375,31.679375,33.511375,37.432375,37.432375,42.665625,42.665625,26.905041666666666
42.531875,44.140791666666665,40.93420833333333,28.592208333333332,31.863708333333335,33.702875,37.61745833333333,37.61745833333333,42.85254166666667,42.85254166666667,27.056625
42.776041666666664,44.381458333333335,41.17854166666667,28.791958333333334,32.04204166666667,33.893541666666664,37.975541666666665,37.975541666666665,43.05504166666667,43.05504166666667,27.206041666666668
43.020625,44.62079166666667,41.41195833333333,28.83395833333333,32.224041666666665,34.086125,38.164125,38.164125,43.235958333333336,43.235958333333336,27.356208333333335
43.265375,44.854958333333336,41.64295833333333,28.991958333333333,32.40079166666667,34.27520833333333,38.351875,38.351875,43.438291666666665,43.438291666666665,27.506875
43.50995833333333,45.06995833333333,41.87595833333334,29.192125,32.58504166666667,34.46479166666666,38.54120833333333,38.54120833333333,43.621208333333335,43.621208333333335,27.658125
43.75470833333333,45.31045833333334,42.11954166666667,29.391625,32.763625,34.657375,38.728125,38.728125,43.823625,43.823625,27.808208333333333
43.999541666666666,45.53570833333333,42.35729166666667,29.591291666666667,32.945708333333336,35.023208333333336,38.917875,38.917875,44.005541666666666,44.005541666666666,27.959125
44.24420833333333,45.77379166666667,42.57904166666667,29.79104166666667,33.122458333333334,35.21520833333334,39.107708333333335,39.107708333333335,44.207541666666664,44.207541666666664,28.109958333333335
44.489125,46.014541666666666,42.813375,29.991041666666668,33.30954166666667,35.40154166666667,39.282125,39.282125,44.392208333333336,44.392208333333336,28.25979166666667
44.73379166666667,46.254625,43.05470833333333,30.190875,33.485458333333334,35.590125,39.46929166666666,39.46929166666666,44.583625,44.583625,28.409791666666667
44.978625,46.49245833333333,43.292625,30.390875,33.667375,35.781875,39.658875,39.658875,44.786208333333335,44.786208333333335,28.562375
45.223708333333335,46.73220833333333,43.527791666666666,30.591125,33.844125,35.973375,39.846375,39.846375,44.97570833333333,44.97570833333333,28.709958333333333
45.46854166666667,46.952875,43.763625,30.791125,34.03070833333334,36.164541666666665,40.019625,40.019625,45.157625,45.157625,28.863125
45.713458333333335,47.190041666666666,43.995958333333334,30.99095833333333,34.207625,36.355875,40.209208333333336,40.209208333333336,45.35154166666667,45.35154166666667,29.013541666666665
45.958625,47.433125,44.22895833333333,31.190708333333333,34.390375,36.546458333333334,40.397125,40.397125,45.546375,45.546375,29.162125
46.20404166666667,47.673125,44.463625,31.390625,34.567375,36.73920833333333,40.58179166666667,40.58179166666667,45.73320833333333,45.73320833333333,29.312125
46.448458333333335,47.911125,44.699625,31.590375,34.75445833333333,36.92454166666667,40.75995833333333,40.75995833333333,45.92729166666667,45.92729166666667,29.464625
46.693875,48.149625,44.93420833333333,31.790208333333332,34.930125,37.112875,40.940375,40.940375,46.11870833333333,46.11870833333333,29.612625
46.93845833333334,48.37479166666667,45.16979166666667,31.989958333333334,35.111625,37.305375,41.13045833333333,41.13045833333333,46.321125,46.321125,29.763208333333335
47.18395833333334,48.609541666666665,45.399208333333334,32.189875,35.28904166666667,37.49495833333334,41.30779166666667,41.30779166666667,46.503125,46.503125,29.913625
47.428625,48.849041666666665,45.63129166666667,32.389541666666666,35.47645833333333,37.67970833333333,41.48820833333333,41.48820833333333,46.705041666666666,46.705041666666666,30.063625
47.673791666666666,49.09229166666667,45.87520833333333,32.58954166666667,35.652458333333335,37.87204166666667,41.677375,41.677375,46.889291666666665,46.889291666666665,30.213541666666668
47.918958333333336,49.333958333333335,46.11479166666667,32.789791666666666,35.835458333333335,38.06070833333333,41.865125,41.865125,47.08195833333333,47.08195833333333,30.363958333333333
48.164208333333335,49.571625,46.354125,32.989875,36.012708333333336,38.249375,42.05495833333333,42.05495833333333,47.27204166666667,47.27204166666667,30.514291666666665
48.40945833333333,49.805875,46.59395833333333,33.19020833333333,36.199708333333334,38.441208333333336,42.243291666666664,42.243291666666664,47.474291666666666,47.474291666666666,30.664375
48.65470833333333,50.02954166666667,46.813208333333336,33.38995833333333,36.37529166666667,38.633291666666665,42.42570833333333,42.42570833333333,47.656958333333336,47.656958333333336,30.814875
48.90004166666667,50.26470833333333,47.047875,33.58979166666666,36.557375,38.825208333333336,42.60970833333333,42.60970833333333,47.849125,47.849125,30.964708333333334
49.14554166666667,50.507958333333335,47.28904166666667,33.789625,36.734541666666665,39.01479166666667,42.789375,42.789375,48.043875,48.043875,31.11520833333333
49.390791666666665,50.74795833333334,47.530375,33.98954166666667,36.922291666666666,39.203625,42.977625,42.97745833333333,48.421875,48.421875,31.265375
49.636291666666665,50.983125,47.771125,34.189458333333334,37.10104166666667,39.39554166666667,43.16529166666667,43.16529166666667,48.616791666666664,48.616791666666664,31.415541666666666
49.881625,51.22779166666667,48.00329166666667,34.389375,37.282375,39.58870833333334,43.355041666666665,43.355041666666665,48.808708333333335,48.808708333333335,31.565625
50.127125,51.46304166666667,48.221375,34.58920833333333,37.460208333333334,39.776375,43.53970833333333,43.53970833333333,49.00120833333333,49.00120833333333,31.715791666666668
50.372708333333335,51.704208333333334,48.462041666666664,34.78904166666667,37.64754166666667,39.966625,43.71329166666667,43.71329166666667,49.195791666666665,49.195791666666665,31.865791666666667
50.618125,51.944125,48.70129166666667,34.98920833333333,37.823708333333336,40.15920833333333,43.902791666666666,43.902791666666666,49.387791666666665,49.387791666666665,32.01595833333333
50.863791666666664,52.18295833333333,48.93395833333334,35.18904166666667,38.00695833333333,40.34695833333333,44.090125,44.090125,49.578291666666665,49.578291666666665,32.16804166666667
51.109208333333335,52.42395833333333,49.15504166666667,35.389041666666664,38.184958333333334,40.535125,44.28029166666666,44.28029166666666,49.772125,49.772125,32.31795833333333
51.354791666666664,52.667625,49.390875,35.58870833333334,38.37229166666667,40.727291666666666,44.469625,44.469625,49.962875,49.962875,32.466375
51.600541666666665,52.905625,49.61629166666667,35.788625,38.548791666666666,40.920291666666664,44.64570833333333,44.64570833333333,50.15645833333333,50.15645833333333,32.61654166666667
51.84620833333334,53.147125,49.855958333333334,35.988875,38.731125,41.110875,44.835708333333336,44.835708333333336,50.350291666666664,50.350291666666664,32.767041666666664
52.091791666666666,53.383041666666664,50.091541666666664,36.030875,38.90979166666666,41.30195833333333,45.025125,45.025125,50.540625,50.540625,32.916625
52.337625,53.62479166666667,50.33495833333333,36.18929166666667,39.097541666666665,41.494708333333335,45.207875,45.207875,50.738958333333336,50.738958333333336,33.06679166666667
52.58329166666667,53.86629166666667,50.57304166666667,36.389625,39.278375,41.686125,45.566375,45.566375,50.927625,50.927625,33.216875
52.829208333333334,54.10095833333333,50.81279166666667,36.431625,39.457458333333335,41.87829166666667,45.755541666666666,45.755541666666666,51.11920833333333,51.11920833333333,33.366791666666664
53.074958333333335,54.345625,51.033791666666666,36.590125,39.64570833333333,42.065625,45.943625,45.943625,51.321625,51.321625,33.517208333333336
53.320791666666665,54.585458333333335,51.274375,36.79045833333333,39.826375,42.25420833333333,46.133125,46.133125,51.50604166666667,51.50604166666667,33.667291666666664
53.56679166666667,54.825125,51.51354166666667,36.99129166666667,40.005125,42.446375,46.320708333333336,46.320708333333336,51.69895833333333,51.69895833333333,33.81720833333333
53.812625,55.06004166666666,51.753708333333336,37.191875,40.193375,42.639208333333336,46.51045833333333,46.51045833333333,51.890875,51.890875,33.96745833333333
54.05854166666666,55.299875,51.991708333333335,37.39304166666667,40.37495833333333,42.830958333333335,46.699708333333334,46.699708333333334,52.08445833333333,52.08445833333333,34.11745833333333
54.304458333333336,55.53970833333333,52.231791666666666,37.59345833333333,40.553375,43.02045833333333,46.887875,46.887875,52.45970833333333,52.45970833333333,34.267625
54.550625,55.785291666666666,52.453541666666666,37.63545833333333,40.743208333333335,43.210458333333335,47.06579166666667,47.06579166666667,52.65495833333333,52.65495833333333,34.41945833333333
54.796625,56.01929166666667,52.69329166666667,37.79454166666667,40.921708333333335,43.403125,47.247708333333335,47.247708333333335,52.849291666666666,52.849291666666666,34.568125
55.042541666666665,56.259125,52.93279166666667,37.836875,41.101125,43.591625,47.436458333333334,47.436458333333334,53.036625,53.036625,34.718041666666664
55.288625,56.498875,53.174625,37.99520833333333,41.288875,43.780375,47.624625,47.624625,53.231625,53.231625,34.868291666666664
55.53479166666666,56.73970833333333,53.414458333333336,38.19595833333333,41.469208333333334,43.97270833333334,47.813625,47.813625,53.424791666666664,53.424791666666664,35.017541666666666
55.780875,56.981625,53.652125,38.39629166666667,41.64845833333333,44.165791666666664,48.001375,48.001375,53.62770833333333,53.62770833333333,35.16829166666667
56.02704166666667,57.218291666666666,53.88645833333333,38.597458333333336,41.83645833333333,44.35395833333333,48.191291666666665,48.191291666666665,53.812375,53.812375,35.318875
56.273375,57.46129166666667,54.112625,38.796875,42.017208333333336,44.544125,48.37929166666667,48.37929166666667,54.00570833333333,54.00570833333333,35.46904166666667
56.519708333333334,57.70104166666667,54.349041666666665,38.99679166666667,42.19620833333333,44.736875,48.565625,48.565625,54.203208333333336,54.203208333333336,35.618458333333336
56.76595833333333,57.93779166666667,54.588458333333335,39.196625,42.384625,44.924958333333336,48.738625,48.738625,54.386375,54.386375,35.76920833333333
57.012125,58.182625,54.82845833333333,39.24270833333333,42.566375,45.11354166666667,48.92554166666667,48.92554166666667,54.581291666666665,54.581291666666665,35.919125
57.25845833333333,58.42254166666667,55.066875,39.396458333333335,42.74520833333333,45.30620833333333,49.11445833333333,49.11445833333333,54.780458333333335,54.780458333333335,36.07020833333333
57.50479166666667,58.660625,55.303625,39.597125,42.93295833333333,45.49904166666666,49.302958333333336,49.302958333333336,54.962125,54.962125,36.220708333333334
57.751375,58.90229166666666,55.548375,39.798458333333336,43.11445833333333,45.691375,49.49095833333333,49.49095833333333,55.15745833333333,55.15745833333333,36.37029166666667
57.997625,59.140375,55.786791666666666,39.999125,43.293375,45.880875,49.681041666666665,49.681041666666665,55.35104166666667,55.35104166666667,36.522875
58.244125,59.382125,56.02354166666667,40.201208333333334,43.482458333333334,46.07129166666667,49.871375,49.871375,55.545208333333335,55.545208333333335,36.670875
58.49079166666667,59.620125,56.266708333333334,40.402625,43.66945833333333,46.26445833333333,50.052625,50.052625,55.92220833333333,55.92220833333333,36.82395833333333
58.737208333333335,59.859875,56.506541666666664,40.603125,43.844125,46.450125,50.230041666666665,50.230041666666665,56.117875,56.117875,36.97204166666667
58.983875,60.10254166666667,56.743208333333335,40.803375,44.030458333333335,46.638958333333335,50.413041666666665,50.413041666666665,56.31695833333333,56.31695833333333,37.123375
59.230375,60.339625,56.98795833333333,41.004875,44.207791666666665,46.831875,50.60270833333333,50.60270833333333,56.511625,56.511625,37.275625
59.477041666666665,60.582208333333334,57.22770833333333,41.046875,44.390625,47.020208333333336,50.793458333333334,50.793458333333334,56.69620833333333,56.69620833333333,37.425958333333334
59.723875,60.81945833333333,57.467375,41.20545833333333,44.56854166666667,47.208958333333335,50.97804166666667,50.97804166666667,56.88845833333333,56.88845833333333,37.578291666666665
59.97079166666666,61.06120833333333,57.707125,41.407875,44.756458333333335,47.40179166666667,51.154375,51.154375,57.092125,57.092125,37.728375
,61.301875,57.941875,41.45395833333333,44.936708333333335,47.594375,51.33779166666667,51.33779166666667,57.27545833333333,57.27545833333333,37.880125
,61.54120833333333,58.18270833333333,41.609208333333335,45.116458333333334,47.786791666666666,51.52729166666666,51.52729166666666,57.468875,57.468875,38.032125
,61.78104166666667,58.42695833333333,41.81079166666667,45.302625,47.97045833333333,51.715125,51.715125,57.66345833333333,57.66345833333333,38.182625
,62.019125,58.66104166666667,42.01195833333333,45.480291666666666,48.16045833333333,51.905541666666664,51.905541666666664,57.857625,57.857625,38.334625
,62.261625,58.905875,42.21395833333333,45.66795833333333,48.344375,52.094375,52.094375,58.046958333333336,58.046958333333336,38.485875
,62.498958333333334,59.140625,42.41529166666667,45.848958333333336,48.53154166666667,52.28004166666667,52.28004166666667,58.242375,58.242375,38.636541666666666
,62.741625,59.385375,42.617041666666665,46.028875,48.71604166666667,52.465041666666664,52.465041666666664,58.438541666666666,58.43629166666667,38.78870833333333
,62.978875,59.62029166666667,42.663291666666666,46.21670833333334,48.902125,52.63970833333333,52.63970833333333,58.627125,58.627125,38.93995833333334
,63.21879166666667,59.86579166666667,42.81854166666667,46.398875,49.095125,52.830958333333335,52.830958333333335,58.822375,58.822375,39.089958333333335
,63.461708333333334,60.100875,43.02095833333333,46.57754166666667,49.281625,53.017208333333336,53.017208333333336,59.014125,59.014125,39.242375
,63.69895833333333,60.344625,43.222875,46.766708333333334,49.46970833333334,53.19470833333333,53.19470833333333,59.20670833333333,59.20670833333333,39.393125
,63.93604166666667,60.579458333333335,43.42454166666667,46.95104166666667,49.661791666666666,53.37795833333333,53.37795833333333,59.407041666666665,59.407041666666665,39.545291666666664
,64.18179166666667,60.82420833333333,43.62595833333334,47.128375,49.855291666666666,53.56820833333333,53.56820833333333,59.59579166666666,59.59579166666666,39.69645833333333
,64.42204166666667,61.06220833333333,43.827625,47.31970833333333,50.043375,53.755875,53.755875,59.790375,59.790375,39.846875
,64.66204166666667,61.30195833333333,44.029291666666666,47.49945833333334,50.232791666666664,53.94620833333333,53.94620833333333,60.16829166666667,60.16829166666667,39.99870833333333
,64.89954166666666,61.53870833333333,44.230958333333334,47.67904166666667,50.425291666666666,54.12704166666666,54.12704166666666,60.362291666666664,60.362291666666664,40.150708333333334
,65.14220833333333,61.781625,44.432541666666665,47.86754166666667,50.618458333333336,54.308125,54.308125,60.558125,60.558125,40.301208333333335
,65.379875,62.021458333333335,44.63379166666667,48.053875,50.80970833333333,54.498625,54.498625,60.75095833333334,60.75095833333334,40.453125
,65.62245833333333,62.258208333333336,44.83595833333333,48.230375,51.00179166666667,54.686125,54.68604166666667,60.944375,60.944375,40.60445833333333
,65.86270833333333,62.50320833333333,45.037791666666664,48.414458333333336,51.192125,54.871125,54.871125,61.139875,61.139875,40.755875
,66.10004166666667,62.742958333333334,45.23954166666667,48.59504166666667,51.381708333333336,55.04770833333333,55.04770833333333,61.332791666666665,61.332791666666665,40.908541666666665
,66.34295833333333,62.982875,45.441208333333336,48.776875,51.574041666666666,55.231208333333335,55.231208333333335,61.523208333333336,61.523208333333336,41.06004166666666
,66.583125,63.222791666666666,45.64279166666667,48.95520833333333,51.767208333333336,55.420875,55.420875,61.718375,61.718375,41.210708333333336
,66.82070833333333,63.457625,45.844375,49.146458333333335,51.958375,55.609291666666664,55.609291666666664,61.912625,61.912625,41.363458333333334
,67.060875,63.70245833333333,46.045875,49.32995833333333,52.15045833333333,55.799125,55.799125,62.105125,62.105125,41.513708333333334
,67.30129166666667,63.94054166666667,46.24729166666667,49.508541666666666,52.340625,55.98829166666667,55.98829166666667,62.304541666666665,62.304541666666665,41.666291666666666
,67.54129166666667,64.18304166666667,46.44920833333333,49.69620833333333,52.530125,56.173375,56.173375,62.49420833333333,62.49420833333333,41.81695833333333
,67.78420833333334,64.42195833333334,46.650958333333335,49.87554166666666,52.722541666666665,56.356875,56.356875,62.685875,62.685875,41.968291666666666
,68.02429166666667,64.660125,46.853458333333336,50.05795833333333,52.915875,56.537791666666664,56.537791666666664,62.878708333333336,62.878708333333336,42.120125
,68.26370833333333,64.902625,47.055375,50.23704166666667,53.106208333333335,56.72604166666667,56.72604166666667,63.079625,63.079625,42.27204166666667
,68.504875,65.13679166666667,47.257125,50.426541666666665,53.29720833333333,56.916625,56.916625,63.26804166666667,63.26804166666667,42.42429166666667
,68.74529166666666,65.38170833333334,47.45829166666667,50.61329166666667,53.49070833333333,57.10420833333333,57.10420833333333,63.46745833333333,63.46745833333333,42.574875
,68.985375,65.61670833333334,47.659708333333334,50.79154166666667,53.679291666666664,57.28279166666667,57.28279166666667,63.65720833333334,63.65720833333334,42.72620833333333
,69.22579166666667,65.86245833333334,47.861125,50.97804166666667,53.870375,57.47654166666667,57.47654166666667,63.84954166666667,63.84954166666667,42.87804166666667
,69.46595833333333,66.09979166666666,47.91945833333333,51.15595833333333,54.06379166666667,57.65929166666667,57.65929166666667,64.04254166666666,64.04254166666666,43.02970833333333
,,66.33954166666666,48.062625,51.338458333333335,54.24945833333334,57.83895833333333,57.83895833333333,64.23870833333334,64.23870833333334,43.18120833333333
,,66.579625,48.263625,51.517375,54.43870833333333,58.022375,58.022375,64.431375,64.431375,43.33345833333333
,,66.816375,48.463791666666665,51.707375,54.632625,58.21304166666667,58.21304166666667,64.624375,64.624375,43.485625
,,67.06129166666666,48.664125,51.892291666666665,54.820125,58.402541666666664,58.402541666666664,64.82545833333333,64.82545833333333,43.637375
,,67.30204166666667,48.86429166666667,52.07020833333333,55.00995833333333,58.588541666666664,58.588541666666664,65.014125,65.014125,43.787875
,,67.53645833333333,49.064375,52.25904166666667,55.20245833333333,58.76679166666667,58.76679166666667,65.21379166666667,65.21379166666667,43.939625
,,67.78220833333333,49.265125,52.446375,55.395125,58.95045833333333,58.95045833333333,65.40379166666666,65.40379166666666,44.091375
,,68.01970833333333,49.465125,52.622458333333334,55.587875,59.142541666666666,59.14145833333333,65.59595833333333,65.59595833333333,44.243125
,,68.25654166666666,49.664875,52.80620833333333,55.77554166666667,59.320375,59.33045833333333,65.78904166666666,65.78904166666666,44.39595833333333
,,68.49679166666667,49.865541666666665,52.986625,55.96479166666666,59.50454166666667,59.513875,65.990125,65.990125,44.546375
,,68.73679166666666,50.067375,53.17545833333333,56.157041666666665,59.695375,59.69479166666667,66.178875,66.178875,44.69920833333333
,,68.98279166666667,50.120375,53.363625,56.350458333333336,60.06995833333333,59.876125,66.37395833333333,66.37395833333333,44.849875
,,69.21695833333334,50.268541666666664,53.540125,56.53845833333333,60.253708333333336,60.06670833333333,66.56804166666667,66.56804166666667,45.00154166666667
,,69.46304166666667,50.469375,53.72170833333333,56.727375,60.43179166666667,60.441291666666665,66.75520833333333,66.75520833333333,45.154375
,,69.70304166666666,50.66945833333333,53.90120833333334,56.919625,60.80370833333333,60.625791666666665,66.949125,66.949125,45.30495833333333
,,69.943375,50.869708333333335,54.09254166666667,57.112875,60.99304166666667,60.80320833333333,67.144625,67.144625,45.457791666666665
,,70.17745833333333,51.070708333333336,54.277541666666664,57.301375,61.16854166666667,60.99904166666666,67.33995833333333,67.33995833333333,45.609375
,,70.420875,51.27045833333333,54.454125,57.490291666666664,61.358958333333334,61.175291666666666,67.53195833333334,67.53195833333334,45.76045833333333
,,70.66370833333333,51.472208333333334,54.63695833333333,57.682625,61.547875,61.354625,67.72479166666666,67.72479166666666,45.91195833333333
,,70.903125,51.672875,54.81604166666666,57.87620833333333,61.737791666666666,61.54004166666667,67.92570833333333,67.92570833333333,46.063625
,,71.14154166666667,51.875125,55.008875,58.064125,61.927125,61.73045833333333,68.11595833333334,68.11595833333334,46.21545833333333
,,71.38454166666666,52.076875,55.195125,58.25304166666667,62.116791666666664,61.919291666666666,68.30870833333333,68.30870833333333,46.368291666666664
,,71.62445833333334,52.277541666666664,55.372875,58.445125,62.30654166666667,62.109375,68.50204166666667,68.50204166666667,46.51945833333333
,,71.864875,52.47779166666667,55.557125,58.63829166666667,62.496625,62.298541666666665,68.70295833333333,68.70295833333333,46.672041666666665
,,72.10495833333333,52.679625,55.73704166666667,58.827375,62.686458333333334,62.48829166666667,68.89229166666667,68.89229166666667,46.823625
,,72.34520833333333,52.732791666666664,55.928958333333334,59.016625,62.875708333333336,62.678125,69.08654166666666,69.08654166666666,46.975541666666665
,,72.57954166666667,52.880875,56.114375,59.209291666666665,63.066625,62.868208333333335,69.278875,69.278875,47.127208333333336
,,72.82304166666667,53.08329166666667,56.291875,59.40295833333333,63.25154166666667,63.057875,69.47229166666666,69.47229166666666,47.27795833333333
,,73.06329166666667,53.284625,56.47629166666667,59.59204166666667,63.434625,63.247125,69.668125,69.668125,47.42979166666667
,,73.30370833333333,53.485375,56.656625,59.78370833333334,63.622458333333334,63.438125,69.86345833333333,69.86345833333333,47.58179166666667
,,73.546625,53.68604166666667,56.843875,59.97720833333333,63.80704166666667,63.622125,70.05554166666667,70.05554166666667,47.734208333333335
,,,53.888125,57.02504166666667,60.162625,63.990875,63.80620833333333,70.24854166666667,70.24854166666667,47.88845833333333
,,,53.938208333333336,57.20829166666667,60.352875,64.17395833333333,63.992958333333334,70.44379166666667,70.44379166666667,48.037375
,,,54.090041666666664,57.388708333333334,60.546625,64.360875,64.17854166666666,70.640125,70.640125,48.18929166666667
,,,54.292541666666665,57.57720833333333,60.732125,64.54645833333333,64.36129166666667,70.83354166666666,70.83354166666666,48.34129166666666
,,,54.494625,57.76354166666667,60.922041666666665,64.72795833333333,64.54529166666667,71.02770833333334,71.02770833333334,48.49404166666667
,,,54.69679166666667,57.944208333333336,61.11570833333333,64.911375,64.73345833333333,71.22404166666666,71.22404166666666,48.645208333333336
,,,54.899208333333334,58.127125,61.302625,65.10204166666666,64.91795833333333,71.41720833333333,71.41720833333333,48.796708333333335
,,,55.101791666666664,58.307875,61.491375,65.291375,65.09929166666667,71.61079166666667,71.61079166666667,48.948708333333336
,,,55.30404166666667,58.49679166666667,61.683791666666664,65.48129166666666,65.28304166666666,71.81170833333333,71.81170833333333,49.100541666666665
,,,55.435625,58.68354166666666,61.877541666666666,65.67070833333334,65.47345833333334,72.001875,72.001875,49.25245833333334
,,,55.506541666666664,58.86870833333333,62.066541666666666,65.860625,65.66279166666666,72.195125,72.195125,49.405375
,,,55.708958333333335,59.048125,62.257875,66.05045833333334,65.85279166666666,72.39545833333334,72.39545833333334,49.55670833333333
,,,55.91170833333333,59.231291666666664,62.45129166666667,66.24070833333333,66.042125,72.58570833333333,72.58570833333333,49.70829166666667
,,,56.113958333333336,59.412125,62.640125,66.43095833333334,66.232125,72.78054166666666,72.78054166666666,49.860375
,,,56.316208333333336,59.601958333333336,62.829708333333336,66.62079166666666,66.42179166666666,72.97445833333333,72.97445833333333,50.01204166666667
,,,56.518625,59.788291666666666,63.022125,66.81145833333333,66.61220833333333,73.169875,73.169875,50.164208333333335
,,,56.721291666666666,59.96970833333334,63.21579166666667,67.00095833333333,66.80254166666667,73.362875,73.362875,50.316208333333336
,,,56.92404166666667,60.153125,63.40445833333333,67.191875,66.99245833333333,73.55654166666666,73.55654166666666,50.469125
,,,57.12654166666667,60.334125,63.59379166666667,67.38095833333334,67.182875,73.75654166666666,73.75654166666666,50.621125
,,,57.32879166666667,60.522125,63.786208333333335,67.57204166666666,67.37270833333334,73.95345833333333,73.95345833333333,50.772625
,,,57.53145833333333,60.70254166666667,63.97954166666667,67.760375,67.56329166666667,74.14379166666667,74.14379166666667,50.924958333333336
,,,57.73404166666667,60.886291666666665,64.16820833333334,67.951875,67.752625,74.33920833333333,74.33920833333333,51.078375
,,,57.93654166666666,61.067625,64.35754166666666,68.13145833333333,67.943625,74.532625,74.532625,51.22895833333333
,,,58.139208333333336,61.25720833333333,64.549875,68.31620833333334,68.131875,74.733375,74.733375,51.38095833333333
,,,58.341875,61.444291666666665,64.74329166666666,68.50645833333333,68.32345833333333,74.923125,74.923125,51.53395833333333
,,,58.54445833333333,61.63045833333333,64.93254166666667,68.69629166666667,68.50404166666667,75.11854166666667,75.11854166666667,51.68579166666667
,,,58.74695833333333,61.80954166666667,65.122125,68.887375,68.68770833333333,75.31204166666667,75.31204166666667,51.837375
,,,58.949375,61.992625,65.31470833333333,69.076875,68.87804166666666,75.505375,75.505375,51.989625
,,,59.15204166666667,62.173791666666666,65.50854166666667,69.26779166666667,69.06795833333334,75.700625,75.70070833333334,52.141958333333335
,,,59.354708333333335,62.36270833333333,65.697875,69.45695833333333,69.258875,75.89395833333333,75.90154166666666,52.294291666666666
,,,59.557291666666664,62.55220833333333,65.88870833333333,69.64745833333333,69.44829166666666,76.08745833333333,76.09304166666666,52.44645833333333
,,,59.760375,62.738875,66.08220833333333,69.83729166666667,69.63929166666667,76.28295833333334,76.28679166666667,52.59945833333333
,,,59.963458333333335,62.923291666666664,66.27454166666666,70.02820833333334,69.82854166666667,76.48420833333333,76.48004166666666,52.750458333333334
,,,60.16679166666667,63.10370833333333,66.46595833333333,70.21770833333333,70.01895833333333,76.675375,76.67554166666666,52.90379166666666
,,,60.369791666666664,63.285291666666666,66.65970833333333,70.40870833333334,70.208875,76.86879166666667,76.87220833333333,53.054458333333336
,,,60.57304166666667,63.469875,66.84829166666667,70.596625,70.39995833333333,77.06295833333333,77.068125,53.20729166666667
,,,60.776375,63.651375,67.03745833333333,70.78804166666667,70.589125,77.259375,77.261375,53.359208333333335
,,,60.97945833333333,63.835708333333336,67.22970833333333,70.971375,70.78029166666667,77.455625,77.45554166666666,53.511541666666666
,,,61.18270833333333,64.01529166666667,67.423375,71.15745833333334,70.97195833333333,77.64920833333333,77.65204166666666,53.663625
,,,61.385875,64.19745833333333,67.61454166666667,71.34029166666667,71.159625,77.84270833333333,77.84820833333333,53.81545833333333
,,,61.58904166666667,64.38254166666667,67.804625,,71.341625,78.038375,78.041625,53.967958333333335
,,,61.79195833333333,64.56470833333333,67.99745833333333,,71.52895833333334,78.23479166666667,78.23529166666667,54.12145833333334
,,,61.995041666666665,64.74754166666666,68.19129166666667,,71.711625,78.43095833333334,78.430875,54.27229166666667
,,,62.19829166666667,64.92995833333333,68.380625,,,78.62454166666667,78.627625,54.424625
,,,62.40145833333333,65.11670833333334,68.570375,,,78.81895833333333,78.82370833333333,54.577041666666666
,,,62.604708333333335,65.29795833333333,,,,79.01504166666666,79.01729166666667,54.72945833333333
,,,62.807875,65.48054166666667,,,,79.211875,79.21145833333334,54.881541666666664
,,,63.010875,65.66329166666667,,,,79.40595833333333,79.407625,55.034125
,,,63.21395833333333,65.84679166666666,,,,79.601625,79.604375,55.18620833333333
,,,63.417375,66.02895833333334,,,,79.79804166666666,79.79845833333333,55.338541666666664
,,,63.620625,66.212375,,,,79.99320833333333,79.99404166666666,55.491875
,,,63.823625,66.39445833333333,,,,80.18870833333334,80.19070833333333,55.643375
,,,64.02695833333334,66.58095833333333,,,,80.382625,80.38579166666666,55.795875
,,,64.230125,66.76320833333334,,,,80.57595833333333,80.58129166666667,55.948375
,,,64.433125,66.94354166666666,,,,80.77170833333334,80.77520833333334,56.10129166666667
,,,64.63645833333334,67.13279166666666,,,,80.96745833333334,80.968875,56.252625
,,,64.83954166666666,67.32020833333333,,,,81.16429166666667,81.164125,56.40629166666667
,,,65.042875,67.50779166666666,,,,81.36045833333333,81.36004166666666,56.557625
,,,65.246125,67.69779166666666,,,,81.55495833333333,81.55720833333334,56.710125
,,,65.44954166666666,67.88320833333333,,,,81.75079166666667,81.75295833333334,56.86270833333333
,,,65.65295833333333,68.07320833333333,,,,81.94579166666666,81.94770833333334,57.01654166666667
,,,65.85620833333333,,,,,82.14170833333333,82.143375,57.168958333333336
,,,66.05945833333334,,,,,82.337375,82.33854166666667,57.32129166666667
,,,66.26279166666667,,,,,82.532875,82.53420833333334,57.47270833333334
,,,66.46595833333333,,,,,82.72820833333333,82.729875,57.62529166666667
,,,66.66929166666667,,,,,82.923375,82.925625,57.777791666666666
,,,66.872625,,,,,83.118875,83.120625,57.93120833333333
,,,67.07604166666667,,,,,83.31404166666667,83.316125,58.083125
,,,67.27945833333334,,,,,83.50970833333334,83.511625,58.235791666666664
,,,67.48279166666667,,,,,83.70479166666667,83.70645833333333,58.389125
,,,67.68604166666667,,,,,83.90029166666666,83.90229166666667,58.54020833333333
,,,67.88954166666667,,,,,84.095375,84.097375,58.692791666666665
,,,68.092875,,,,,84.29104166666667,84.292875,58.846625
,,,68.29620833333334,,,,,84.486375,84.48795833333334,58.99829166666667
,,,68.499625,,,,,84.68120833333333,84.683625,59.150375
,,,68.703125,,,,,84.877375,84.879125,59.303958333333334
,,,68.906625,,,,,85.07270833333334,85.07395833333334,59.45670833333333
,,,69.11004166666666,,,,,85.268625,85.26995833333334,59.608958333333334
,,,69.31370833333334,,,,,85.46379166666667,85.46520833333334,59.76020833333333
,,,69.36370833333334,,,,,85.66004166666667,85.66120833333333,59.913041666666665
,,,69.51720833333333,,,,,85.855625,85.85654166666667,60.06554166666667
,,,69.72079166666667,,,,,86.051875,86.052625,60.218041666666664
,,,69.924625,,,,,86.24695833333334,86.24820833333334,60.370875
,,,70.128125,,,,,86.44304166666667,86.444125,60.52370833333333
,,,70.18129166666667,,,,,86.638375,86.63954166666667,60.676208333333335
,,,70.33120833333334,,,,,86.83454166666667,86.835625,60.828541666666666
,,,70.53470833333333,,,,,87.030125,87.031125,60.981458333333336
,,,70.73820833333333,,,,,87.226125,87.22729166666667,61.13429166666667
,,,70.94179166666666,,,,,87.42145833333333,87.42304166666666,61.286875
,,,,,,,,87.617125,87.618625,61.43954166666666
,,,,,,,,87.81304166666666,87.81420833333334,61.59245833333333
,,,,,,,,88.00820833333333,88.00970833333334,61.74579166666667
,,,,,,,,88.20395833333333,88.205625,61.897708333333334
,,,,,,,,88.399625,88.400625,62.051208333333335
,,,,,,,,88.59479166666667,88.59654166666667,62.20345833333333
,,,,,,,,88.79095833333334,88.79220833333333,62.356541666666665
,,,,,,,,88.98704166666667,88.98729166666666,62.509375
,,,,,,,,89.18304166666667,89.18354166666667,62.662125
,,,,,,,,89.37870833333334,89.37945833333333,62.815041666666666
,,,,,,,,89.57404166666667,89.575625,62.968125
,,,,,,,,89.77045833333334,89.771375,63.120958333333334
,,,,,,,,89.966375,89.96670833333333,63.27370833333333
,,,,,,,,90.16229166666666,90.16304166666667,63.42670833333333
,,,,,,,,90.35879166666666,90.35904166666667,63.579875
,,,,,,,,90.55429166666667,90.554875,63.732375
,,,,,,,,90.74995833333334,90.751125,63.885625
,,,,,,,,,90.946625,64.03895833333333
,,,,,,,,,91.14545833333334,64.192875
,,,,,,,,,,64.34429166666666
,,,,,,,,,,64.497375
,,,,,,,,,,64.65079166666666
,,,,,,,,,,64.80395833333333
,,,,,,,,,,64.957625
,,,,,,,,,,65.10954166666667
,,,,,,,,,,65.26304166666667
,,,,,,,,,,65.41670833333333
,,,,,,,,,,65.57020833333333
,,,,,,,,,,65.72229166666666
,,,,,,,,,,65.87595833333333
,,,,,,,,,,66.029375
,,,,,,,,,,66.182125
,,,,,,,,,,66.33470833333334
,,,,,,,,,,66.48854166666666
,,,,,,,,,,66.642125
,,,,,,,,,,66.79495833333333
,,,,,,,,,,66.947875
,,,,,,,,,,67.10120833333333
,,,,,,,,,,67.25479166666666
,,,,,,,,,,67.40770833333333
,,,,,,,,,,67.56054166666667
,,,,,,,,,,67.71429166666667
,,,,,,,,,,67.867625
,,,,,,,,,,68.02079166666667
,,,,,,,,,,68.17379166666667
,,,,,,,,,,68.32754166666666
,,,,,,,,,,68.48095833333333
,,,,,,,,,,68.63379166666667
,,,,,,,,,,68.786875
,,,,,,,,,,68.94045833333334
,,,,,,,,,,69.09445833333334
,,,,,,,,,,69.24770833333334
,,,,,,,,,,69.400375
,,,,,,,,,,69.55404166666666
,,,,,,,,,,69.70804166666667
,,,,,,,,,,69.86204166666667
,,,,,,,,,,70.013875
,,,,,,,,,,70.167625
,,,,,,,,,,70.32045833333333
,,,,,,,,,,70.47395833333333
,,,,,,,,,,70.626375
,,,,,,,,,,70.77820833333334
,,,,,,,,,,70.93270833333334
,,,,,,,,,,71.08779166666666
,,,,,,,,,,71.23770833333333
,,,,,,,,,,71.39220833333333
,,,,,,,,,,71.54670833333333
,,,,,,,,,,71.70020833333334
,,,,,,,,,,71.85270833333334
,,,,,,,,,,72.00604166666666
,,,,,,,,,,72.15879166666667
,,,,,,,,,,72.31095833333333
,,,,,,,,,,72.46470833333333
,,,,,,,,,,72.61820833333333
,,,,,,,,,,72.76895833333333
,,,,,,,,,,72.92270833333333
,,,,,,,,,,73.07729166666667
,,,,,,,,,,73.23120833333333
,,,,,,,,,,73.383375
,,,,,,,,,,73.53770833333333
,,,,,,,,,,73.69220833333334
,,,,,,,,,,73.84629166666667
,,,,,,,,,,73.998875
,,,,,,,,,,74.15229166666667
,,,,,,,,,,74.30554166666667
,,,,,,,,,,74.458875
,,,,,,,,,,74.61145833333333
