11 7 cm -f.wav,12 7 cm -1.wav,13 0 cm -f.wav,13 6 cm -f.wav,14 3 cm -1.wav
0.151625,0.075625,0.11379166666666667,0.09479166666666666,0.10229166666666667
0.28470833333333334,0.21454166666666666,0.192375,0.225125,0.183375
0.42470833333333335,0.35720833333333335,0.246375,0.36004166666666665,0.27079166666666665
0.5592083333333333,0.4977916666666667,0.38345833333333335,0.49554166666666666,0.328625
0.696375,0.6397083333333333,0.452875,0.6307916666666666,0.40829166666666666
0.8325416666666666,0.7747916666666667,0.520125,0.7665416666666667,0.46720833333333334
0.9699583333333334,0.914875,0.6547083333333333,0.903375,0.5557083333333334
1.108625,1.055875,0.7907916666666667,1.040625,0.617875
1.2469583333333334,1.187875,0.9277083333333334,1.174875,0.6775416666666667
1.385375,1.3270416666666667,0.9895416666666667,1.310875,0.7452916666666667
1.5245416666666667,1.468625,1.0657083333333333,1.4487916666666667,0.8072916666666666
1.6627916666666667,1.611875,1.2019583333333332,1.583125,0.885125
1.8000416666666668,1.7497916666666666,1.3420416666666666,1.7180416666666667,0.9867083333333333
1.9375416666666667,1.890875,1.4120416666666666,1.837875,1.0477083333333332
2.076875,2.0320416666666667,1.4782916666666666,1.9640416666666667,1.068625
2.215625,2.174541666666667,1.5777916666666667,2.0977916666666667,1.136125
2.3529583333333335,2.315625,1.6167083333333334,2.233625,1.2357916666666666
2.4912083333333332,2.4582083333333333,1.7522083333333334,2.370375,1.2967916666666666
2.6300416666666666,2.6042916666666667,1.851625,2.5072083333333333,1.4535416666666667
2.767375,2.741625,1.8880416666666666,2.6434583333333332,1.513875
2.9049583333333335,2.8844583333333333,1.9875416666666668,2.7797916666666667,1.607625
3.0432916666666667,3.0242916666666666,2.0252083333333335,2.919125,1.6832916666666666
3.181791666666667,3.1622083333333335,2.165125,3.0512916666666667,1.7875416666666666
3.3194583333333334,3.302208333333333,2.2647083333333335,3.185625,1.872375
3.4572083333333334,3.4474583333333335,2.3017083333333335,3.310375,1.9702083333333333
3.596791666666667,3.5790416666666665,2.441291666666667,3.4507916666666665,2.019875
3.7339583333333333,3.7114583333333333,2.5027916666666665,3.575875,2.0560416666666668
3.873125,3.852625,2.577875,3.7137083333333334,2.1555416666666667
4.011708333333333,3.9932083333333335,2.6422083333333335,3.8505416666666665,2.267875
4.151208333333333,4.1349583333333335,2.7190416666666666,3.989125,2.3187083333333334
4.288458333333334,4.281041666666667,2.797125,4.122375,2.388541666666667
4.428541666666667,4.419208333333334,2.802625,4.247041666666667,2.410375
4.566458333333333,4.567041666666666,2.8550416666666667,4.384541666666666,2.4922916666666666
4.706791666666667,4.702958333333333,2.9242083333333335,4.509875,2.569541666666667
4.8449583333333335,4.849625,2.9390416666666668,4.650541666666666,2.5884583333333335
4.985541666666666,4.985708333333333,2.990625,4.778625,2.6495416666666665
5.1237916666666665,5.125958333333333,3.127625,4.901625,2.680125
5.264125,5.2687083333333335,3.2687916666666665,5.035875,2.741791666666667
5.401625,5.408458333333333,3.404541666666667,5.1687916666666665,2.7994583333333334
5.542291666666666,5.548541666666667,3.4632916666666667,5.308708333333334,2.8034583333333334
5.680625,5.695375,3.488541666666667,5.440625,2.8240416666666666
5.821291666666666,5.830958333333333,3.541625,5.568791666666667,2.917125
5.959208333333334,5.970208333333333,3.5934583333333334,5.711625,2.981125
6.0997916666666665,6.115708333333333,3.677958333333333,5.839875,3.067625
6.238208333333334,6.253625,3.717625,5.967791666666667,3.161125
6.378791666666666,6.4002083333333335,3.7395416666666668,6.107541666666667,3.2162083333333333
6.517291666666667,6.541541666666666,3.819375,6.234541666666667,3.257125
6.658041666666667,6.678125,3.907875,6.363541666666666,3.3197083333333333
6.796208333333333,6.819708333333334,3.955875,6.504875,3.4037916666666668
6.937125,6.960541666666667,4.044458333333333,6.629458333333333,3.511458333333333
7.075625,7.107875,4.092875,6.769291666666667,3.564375
7.216125,7.243875,4.159208333333333,6.905541666666666,3.577125
7.354291666666667,7.383541666666667,4.231375,7.038541666666666,3.674541666666667
7.495375,7.530625,4.288208333333333,7.174875,3.7670416666666666
7.633958333333333,7.671958333333333,4.3730416666666665,7.310041666666667,3.8057916666666665
7.774291666666667,7.808625,4.509291666666667,7.435125,3.854375
7.912708333333334,7.950375,4.597541666666666,7.572958333333333,3.8897916666666665
8.053708333333333,8.091458333333334,4.608625,7.695875,3.935875
8.192375,8.238708333333333,4.645708333333333,7.832708333333334,3.943375
8.333041666666666,8.374541666666667,4.702541666666667,7.9634583333333335,4.033125
8.471291666666668,8.515125,4.784458333333333,8.081875,4.075541666666667
8.611791666666667,8.656958333333334,4.8410416666666665,8.211375,4.078125
8.750291666666667,8.799541666666666,4.850875,8.351791666666667,4.093041666666666
8.891708333333334,8.942375,4.925375,8.483625,4.162041666666667
9.029375,9.084958333333333,5.0620416666666666,8.595791666666667,4.226625
9.174291666666667,9.225958333333333,5.123708333333333,8.705708333333334,4.270375
9.310541666666667,9.368708333333334,5.131958333333333,8.841625,4.2792916666666665
9.448541666666667,9.514708333333333,5.201875,8.972625,4.315458333333333
9.587375,9.653708333333332,5.2584583333333335,9.109458333333333,4.413791666666667
9.727875,9.794708333333332,5.340791666666667,9.243625,4.498541666666667
9.868541666666667,9.936375,5.385125,9.380875,4.592041666666667
10.008208333333334,10.078291666666667,5.397541666666666,9.502708333333333,4.684208333333333
10.147625,10.219458333333334,5.483458333333333,9.636541666666666,4.733291666666666
10.291541666666667,10.366291666666667,5.557458333333333,9.769875,4.739541666666667
10.426958333333333,10.507708333333333,5.5677916666666665,9.914625,4.834208333333334
10.567458333333333,10.644541666666667,5.620541666666667,10.044541666666667,4.925791666666667
10.706708333333333,10.785708333333334,5.672125,10.185625,4.996958333333334
10.847208333333333,10.927625,5.761041666666666,10.316208333333334,5.060375
10.986291666666666,11.070708333333334,5.822708333333333,10.438458333333333,5.096875
11.127291666666666,11.212791666666666,5.901791666666667,10.570375,5.172375
11.268291666666666,11.354958333333334,6.042208333333333,10.703041666666667,5.196541666666667
11.407541666666667,11.496208333333334,6.183208333333333,10.843791666666666,5.259791666666667
11.546125,11.638958333333333,6.235125,10.977125,5.292208333333333
11.686708333333334,11.780875,6.322875,11.114291666666666,5.336458333333334
11.827291666666667,11.923541666666667,6.373458333333334,11.250708333333334,5.489458333333333
11.966625,12.067458333333333,6.378541666666667,11.390875,5.587958333333333
12.105541666666667,12.207375,6.388125,11.523875,5.666708333333333
12.245708333333333,12.349041666666666,6.464041666666667,11.660625,5.764125
12.386458333333334,12.490458333333333,6.604791666666666,11.801208333333333,5.830875
12.525791666666667,12.637791666666667,6.669125,11.931125,5.920041666666667
12.665708333333333,12.773875,6.688791666666667,12.054458333333333,5.996208333333334
12.804791666666667,12.913875,6.740541666666667,12.182375,6.045208333333333
12.945791666666667,13.061125,6.878458333333334,12.319291666666667,6.057708333333333
13.084791666666666,13.198708333333334,7.018458333333333,12.454375,6.101541666666667
13.223458333333333,13.340791666666666,7.077125,12.576041666666667,6.192541666666667
13.363708333333333,13.482625,7.084791666666667,12.703291666666667,6.282958333333333
13.504708333333333,13.625458333333333,7.158375,12.839791666666667,6.353625
13.643625,13.767541666666666,7.300291666666666,12.977208333333333,6.376041666666667
13.782291666666667,13.910291666666666,7.388875,13.118375,6.386625
13.922958333333334,14.054375,7.4370416666666666,13.249791666666667,6.444625
14.064958333333333,14.194375,7.489208333333333,13.372041666666666,6.519791666666666
14.205291666666668,14.336375,7.496541666666666,13.503958333333333,6.6197083333333335
14.342291666666666,14.477375,7.501375,13.635708333333334,6.7175416666666665
14.483041666666667,14.621291666666666,7.576708333333333,13.778375,6.778125
14.621875,14.762041666666667,7.635791666666667,13.908958333333333,6.833375
14.764625,14.909125,7.716875,14.041791666666667,6.869208333333333
14.903375,15.047375,7.768791666666667,14.174458333333334,6.962458333333333
15.041791666666667,15.188625,7.7832083333333335,14.314458333333333,7.054208333333333
15.181125,15.330958333333333,7.856208333333333,14.446708333333333,7.117875
15.326875,15.473875,7.907291666666667,14.574958333333333,7.172041666666667
15.460875,15.615708333333334,7.9972916666666665,14.714291666666666,7.205708333333333
15.601958333333334,15.758375,8.137375,14.844541666666666,7.311541666666667
15.743125,15.902791666666667,8.273291666666667,14.981208333333333,7.382458333333333
15.881708333333334,16.042541666666665,8.339625,15.114541666666666,7.428125
16.022875,16.189875,8.412125,15.239208333333334,7.481208333333333
16.161791666666666,16.327625,8.478458333333334,15.378791666666666,7.579791666666667
16.303708333333333,16.470625,8.552708333333333,15.509541666666667,7.640958333333334
16.442541666666667,16.615125,8.604625,15.642041666666668,7.7047083333333335
16.584291666666665,16.755708333333335,8.694458333333333,15.778541666666667,7.800875
16.722875,16.902875,8.833541666666667,15.900291666666666,7.862041666666666
16.865291666666668,17.040625,8.974375,16.036791666666666,7.956125
17.003541666666667,17.182708333333334,9.112875,16.167458333333332,8.020541666666666
17.145458333333334,17.324875,9.253791666666666,16.304625,8.038875
17.284541666666666,17.468208333333333,9.311625,16.440958333333334,8.089958333333334
17.426041666666666,17.609958333333335,9.394958333333333,16.577458333333333,8.131708333333334
17.564541666666667,17.753625,9.455208333333333,16.710875,8.185958333333334
17.704041666666665,17.895458333333334,9.467125,16.848541666666666,8.190041666666668
17.844125,18.038875,9.536208333333333,16.989708333333333,8.232625
17.990541666666665,18.18070833333333,9.595125,17.121458333333333,8.279958333333333
18.124791666666667,18.323875,9.678041666666667,17.244458333333334,8.359625
18.265125,18.466125,9.815708333333333,17.371125,8.371541666666667
18.411375,18.608875,9.849291666666666,17.507458333333332,8.426875
18.544375,18.750958333333333,9.876208333333333,17.651208333333333,8.469041666666667
18.683791666666668,18.893875,9.889375,17.781208333333332,8.533291666666667
18.823791666666665,19.03729166666667,9.956458333333334,17.919041666666665,8.626625
18.963875,19.178208333333334,10.008375,18.064291666666666,8.700458333333334
19.105291666666666,19.319708333333335,10.098625,18.193458333333332,8.797541666666667
19.245291666666667,19.46045833333333,10.177375,18.337375,8.881708333333334
19.385291666666667,19.602125,10.182208333333334,18.465958333333333,8.926875
19.522791666666667,19.745375,10.235625,18.596625,8.977208333333333
19.667541666666665,19.887708333333332,10.302208333333333,18.732541666666666,9.075208333333334
19.807875,20.030041666666666,10.375375,18.870125,9.137041666666667
19.942041666666668,20.173375,10.432291666666666,18.997458333333334,9.180125
20.083291666666668,20.314125,10.441791666666667,19.133958333333332,9.228958333333333
20.225125,20.461041666666667,10.517791666666668,19.266041666666666,9.293625
20.364125,20.597375,10.654958333333333,19.404541666666667,9.308625
20.510625,20.74170833333333,10.795041666666666,19.539458333333332,9.313791666666667
20.644875,20.886541666666666,10.847041666666666,19.671541666666666,9.408791666666668
20.789125,21.027125,10.850875,19.809208333333334,9.456541666666666
20.926208333333335,21.174375,10.867875,19.951458333333335,9.475458333333334
21.072625,21.312041666666666,10.937291666666667,20.086541666666665,9.564875
21.206291666666665,21.454875,11.074708333333334,20.222791666666666,9.642541666666666
21.352958333333333,21.599625,11.133708333333333,20.346291666666666,9.702958333333333
21.487375,21.739875,11.213625,20.484875,9.748875
21.634458333333335,21.883375,11.269458333333333,20.615458333333333,9.836958333333333
21.768458333333335,22.022375,11.355958333333334,20.753375,9.930791666666666
21.915541666666666,22.164208333333335,11.493708333333334,20.896625,9.991541666666667
22.049708333333335,22.307375,11.633291666666667,21.024125,10.084708333333333
22.196875,22.453375,11.685208333333334,21.152958333333334,10.179208333333333
22.330958333333335,22.591958333333334,11.689125,21.292708333333334,10.233041666666667
22.477541666666667,22.739458333333335,11.775708333333334,21.422208333333334,10.236125
22.611875,22.876291666666667,11.913458333333333,21.556625,10.273375
22.758708333333335,23.020041666666668,11.947208333333334,21.698125,10.337208333333333
22.893125,23.162458333333333,12.054541666666667,21.836125,10.431041666666667
23.04029166666667,23.305458333333334,12.195958333333333,21.968125,10.502291666666666
23.174291666666665,23.447041666666667,12.338375,22.090291666666666,10.544625
23.321458333333332,23.590041666666668,12.479375,22.225458333333332,10.594541666666666
23.455625,23.732208333333332,12.543791666666667,22.358291666666666,10.771291666666666
23.60279166666667,23.875208333333333,12.617125,22.498708333333333,10.836375
23.737041666666666,24.018708333333333,12.756791666666667,22.631208333333333,10.873458333333334
23.880875,24.160291666666666,12.815041666666668,22.762875,10.881125
24.017875,24.303208333333334,12.899375,22.902958333333334,10.892791666666668
24.162125,24.444958333333332,13.036791666666666,23.03804166666667,10.927625
24.299291666666665,24.586458333333333,13.098291666666666,23.175541666666668,11.021708333333333
24.446375,24.728875,13.176708333333334,23.317041666666668,11.114625
24.580375,24.872041666666668,13.232708333333333,23.447875,11.175458333333333
24.727375,25.013125,13.318375,23.572375,11.267625
24.861625,25.160041666666668,13.376625,23.700208333333332,11.363291666666667
25.008875,25.296291666666665,13.457458333333333,23.836375,11.434458333333334
25.143041666666665,25.440541666666668,13.490291666666666,23.972708333333333,11.451291666666666
25.290041666666667,25.58545833333333,13.597541666666666,24.110625,11.521708333333333
25.423875,25.725875,13.739458333333333,24.237458333333333,11.622458333333332
25.571041666666666,25.873458333333332,13.791041666666667,24.374708333333334,11.719625
25.705208333333335,26.010125,13.797458333333333,24.509375,11.780708333333333
25.852541666666667,26.154375,13.805791666666666,24.645541666666666,11.855458333333333
25.986708333333333,26.299291666666665,13.882291666666667,24.765458333333335,11.916208333333334
26.133791666666667,26.439708333333332,14.021791666666667,24.898875,12.006125
26.268041666666665,26.587375,14.147208333333333,25.034541666666666,12.098458333333333
26.415375,26.725291666666667,14.151708333333334,25.171208333333333,12.111041666666667
26.549541666666666,26.867791666666665,14.350541666666667,25.309458333333332,12.177041666666666
26.69354166666667,27.010291666666667,14.360708333333333,25.440791666666666,12.268875
26.830375,27.153041666666667,14.388958333333333,25.578458333333334,12.437708333333333
26.977375,27.295291666666667,14.402041666666667,25.717291666666668,12.512125
27.111541666666668,27.438708333333334,14.439291666666668,25.855125,12.521041666666667
27.258791666666667,27.581041666666668,14.487208333333333,25.993791666666667,12.613041666666666
27.393041666666665,27.724291666666666,14.582625,26.127708333333334,12.658041666666668
27.54029166666667,27.866625,14.646208333333334,26.261791666666667,12.692208333333333
27.674291666666665,28.00979166666667,14.724041666666666,26.397541666666665,12.786291666666667
27.821375,28.153458333333333,14.778625,26.536208333333335,12.878375
27.955625,28.295375,14.865375,26.672375,12.915375
28.10279166666667,28.437708333333333,15.004125,26.811458333333334,12.971125
28.236791666666665,28.580875,15.145625,26.947541666666666,13.031875
28.384125,28.722875,15.287041666666667,27.077041666666666,13.114625
28.518291666666666,28.866125,15.345125,27.209125,13.170041666666666
28.665625,29.009458333333335,15.429791666666667,27.348041666666667,13.187125
28.799625,29.150708333333334,15.482875,27.485625,13.286458333333334
28.944958333333332,29.292291666666667,15.569708333333333,27.624041666666667,13.386875
29.080708333333334,29.434041666666666,15.710708333333333,27.762625,13.443708333333333
29.226541666666666,29.581375,15.743791666666667,27.895041666666668,13.514875
29.362375,29.717875,15.852375,28.033541666666668,13.576791666666667
29.507875,29.861791666666665,15.908291666666667,28.131291666666666,13.639708333333333
29.643125,30.004208333333334,15.993625,28.169875,13.738875
29.788708333333332,30.147875,16.13254166666667,28.307625,13.803541666666666
29.924458333333334,30.289958333333335,16.175458333333335,28.437291666666667,13.812458333333334
30.070208333333333,30.432625,16.275708333333334,28.574958333333335,13.907125
30.205791666666666,30.574958333333335,16.331625,28.707458333333335,13.995125
30.354041666666667,30.715791666666668,16.416875,28.836875,14.090625
30.487208333333335,30.858625,16.489208333333334,28.973958333333332,14.155375
30.633041666666667,31.001208333333334,16.559375,29.108291666666666,14.245875
30.768958333333334,31.142625,16.700041666666667,29.246208333333332,14.310708333333332
30.916291666666666,31.283375,16.755958333333332,29.382791666666666,14.337375
31.049958333333333,31.425875,16.842041666666667,29.519375,14.434625
31.197208333333332,31.567458333333335,16.985291666666665,29.647041666666667,14.523458333333334
31.331291666666665,31.715375,17.124875,29.784875,14.577291666666667
31.475458333333332,31.851875,17.266375,29.912041666666667,14.622625
31.612208333333335,31.993375,17.408458333333332,30.044541666666667,14.701375
31.759541666666667,32.140625,17.449458333333332,30.181791666666665,14.741791666666666
31.893541666666668,32.27854166666667,17.455625,30.313291666666668,14.798125
32.041291666666666,32.421708333333335,17.550875,30.449541666666665,14.865958333333333
32.175375,32.566208333333336,17.590541666666667,30.587541666666667,14.966125
32.320708333333336,32.70695833333333,17.693125,30.719875,15.063375
32.45670833333333,32.854708333333335,17.739541666666668,30.858125,15.099125
32.60395833333333,32.992625,17.759458333333335,30.995875,15.108875
32.738125,33.135875,17.831458333333334,31.133958333333332,15.133458333333333
32.88529166666667,33.280875,17.878791666666668,31.263291666666667,15.227625
33.01929166666667,33.421958333333336,17.887291666666666,31.399208333333334,15.305541666666667
33.164791666666666,33.569291666666665,17.972458333333332,31.536125,15.338625
33.30079166666667,33.707458333333335,18.115541666666665,31.674125,15.400625
33.44829166666667,33.85004166666667,18.254291666666667,31.810458333333333,15.494541666666667
33.582208333333334,33.99245833333333,18.394791666666666,31.949125,15.571708333333333
33.72920833333333,34.135625,18.537208333333332,32.08479166666667,15.676291666666666
33.863458333333334,34.27854166666667,18.592958333333332,32.22204166666667,15.773458333333334
34.007875,34.422375,18.603458333333332,32.35454166666667,15.844791666666667
34.145375,34.56604166666666,18.677958333333333,32.493541666666665,15.940625
34.289541666666665,34.70829166666667,18.821708333333333,32.630375,16.036958333333335
34.426625,34.85570833333333,18.908625,32.767625,16.065875
34.571041666666666,34.99245833333333,18.962875,32.89304166666667,16.125708333333332
34.708375,35.137125,19.018791666666665,33.024375,16.185958333333332
34.855958333333334,35.28095833333333,19.029208333333333,33.167625,16.250958333333333
34.98954166666667,35.423208333333335,19.033375,33.30045833333333,16.290791666666667
35.13645833333333,35.570625,19.102625,33.43845833333334,16.344625
35.27104166666667,35.708708333333334,19.245291666666667,33.571625,16.413208333333333
35.41829166666667,35.851875,19.332291666666666,33.710875,16.512291666666666
35.552875,35.995625,19.384625,33.847125,16.612291666666668
35.697875,36.138125,19.527291666666667,33.985791666666664,16.675375
35.834375,36.285625,19.583041666666666,34.11204166666667,16.747291666666666
35.981625,36.423625,19.670375,34.24845833333333,16.807958333333332
36.11629166666667,36.56695833333333,19.726041666666667,34.37745833333334,16.892958333333333
36.261208333333336,36.712125,19.811458333333334,34.50929166666667,16.998708333333333
36.397125,36.85295833333333,19.861041666666665,34.648375,17.054041666666667
36.542208333333335,37.000625,19.883041666666667,34.78479166666666,17.084125
36.67870833333333,37.138875,19.955291666666668,34.922958333333334,17.185291666666668
36.82579166666667,37.28220833333334,20.096708333333332,35.048125,17.289875
36.96029166666667,37.42704166666667,20.238791666666668,35.185541666666666,17.345708333333334
37.10704166666667,37.567875,20.272125,35.32029166666667,17.370375
37.241875,37.715625,20.279125,35.45845833333333,17.466958333333334
37.388958333333335,37.853875,20.382208333333335,35.595375,17.558125
37.52379166666667,37.99704166666667,20.524625,35.73379166666667,17.635791666666666
37.670625,38.14029166666667,20.662041666666667,35.871125,17.733791666666665
37.80504166666667,38.28220833333334,20.733375,36.009125,17.831291666666665
37.95195833333333,38.429875,20.801875,36.14704166666667,17.885708333333334
38.086708333333334,38.56645833333334,20.833458333333333,36.278375,17.961375
38.23370833333333,38.71104166666667,20.857541666666666,36.414208333333335,17.987291666666668
38.368125,38.85520833333333,20.864958333333334,36.55229166666667,18.023041666666668
38.51495833333333,38.99570833333333,20.944791666666667,36.68604166666667,18.111958333333334
38.649625,39.138041666666666,21.015208333333334,36.825291666666665,18.218708333333332
38.796791666666664,39.27804166666667,21.082708333333333,36.961875,18.276708333333332
38.93154166666667,39.420541666666665,21.129041666666666,37.100375,18.290125
39.078541666666666,39.56220833333333,21.138458333333332,37.237875,18.333041666666666
39.21304166666667,39.710208333333334,21.222791666666666,37.373125,18.387708333333332
39.36004166666667,39.847125,21.270125,37.50779166666667,18.486791666666665
39.494791666666664,39.98979166666667,21.278541666666666,37.646875,18.549875
39.641708333333334,40.132041666666666,21.365541666666665,37.784958333333336,18.620958333333334
39.77579166666667,40.273208333333336,21.438291666666668,37.921375,18.679458333333333
39.92004166666667,40.416041666666665,21.503458333333334,38.05895833333334,18.763541666666665
40.057541666666665,40.558375,21.550208333333334,38.18745833333333,18.828208333333333
40.202041666666666,40.705875,21.643875,38.325875,18.879875
40.33954166666667,40.84245833333333,21.699541666666665,38.452958333333335,18.911208333333335
40.483875,40.986125,21.787541666666666,38.585458333333335,18.951291666666666
40.62145833333334,41.12895833333334,21.858708333333333,38.72470833333333,18.979791666666667
40.768625,41.27279166666667,21.928791666666665,38.86145833333333,19.020208333333333
40.903625,41.41670833333333,22.073125,38.99995833333333,19.053041666666665
41.05070833333333,41.55895833333334,22.128708333333332,39.131875,19.247875
41.185125,41.701375,22.215625,39.268208333333334,19.350125
41.332375,41.844875,22.248708333333333,39.40770833333333,19.407875
41.46745833333333,41.988458333333334,22.256875,39.543791666666664,19.485458333333334
41.61454166666667,42.130625,22.264708333333335,39.68279166666667,19.539958333333335
41.749125,42.273875,22.358458333333335,39.819625,19.615791666666667
41.893791666666665,42.416125,22.445541666666667,39.953291666666665,19.678875
42.03154166666667,42.559875,22.499541666666666,40.091375,19.730791666666665
42.17904166666667,42.701375,22.545708333333334,40.228791666666666,19.826375
42.313625,42.84379166666667,22.555375,40.365625,19.906958333333332
42.460625,42.984875,22.641708333333334,40.503875,20.004125
42.595708333333334,43.12770833333333,22.785125,40.643791666666665,20.101041666666667
42.741958333333336,43.271125,22.866041666666668,40.779125,20.141541666666665
42.87779166666667,43.413875,22.925875,40.914125,20.161708333333333
43.022708333333334,43.55745833333334,23.012791666666665,41.042791666666666,20.245541666666668
43.159375,43.700125,23.066958333333332,41.183375,20.338291666666667
43.30670833333333,43.843375,23.207041666666665,41.317625,20.428208333333334
43.441625,43.987458333333336,23.350791666666666,41.457791666666665,20.490041666666666
43.58904166666667,44.12920833333333,23.492291666666667,41.59354166666667,20.52220833333333
43.723875,44.271625,23.561125,41.725208333333335,20.579958333333334
43.868291666666664,44.412708333333335,23.567708333333332,41.861291666666666,20.681291666666667
44.00604166666667,44.555625,23.633958333333332,42.000375,20.747125
44.15054166666667,44.697625,23.70895833333333,42.133041666666664,20.830208333333335
44.288291666666666,44.845375,23.771875,42.270375,20.925125
44.43245833333334,44.98170833333333,23.818375,42.40895833333333,20.948875
44.56995833333333,45.124541666666666,23.911791666666666,42.548125,20.994541666666667
44.71454166666667,45.267041666666664,23.975041666666666,42.685625,21.086541666666665
44.852125,45.410375,24.054541666666665,42.82454166666667,21.145541666666666
44.996625,45.553375,24.193708333333333,42.96395833333333,21.16229166666667
45.134125,45.69654166666667,24.333875,43.10004166666667,21.263625
45.278625,45.83920833333333,24.477541666666667,43.238375,21.364875
45.416291666666666,45.982708333333335,24.554875,43.37404166666666,21.426291666666668
45.56104166666667,46.125458333333334,24.619208333333333,43.510375,21.489708333333333
45.698541666666664,46.26929166666667,24.672041666666665,43.642125,21.510958333333335
45.84279166666666,46.41204166666667,24.688125,43.773875,21.586708333333334
45.980291666666666,46.55495833333333,24.762291666666666,43.913125,21.649875
46.12495833333333,46.699125,24.795625,44.05520833333333,21.745375
46.262625,46.84020833333334,24.906625,44.18845833333334,21.822125
46.410125,46.984625,24.969291666666667,44.320125,21.921541666666666
46.544625,47.12329166666667,25.045375,44.452375,22.020875
46.689125,47.26745833333333,25.097625,44.591625,22.084125
46.827041666666666,47.408541666666665,25.117041666666665,44.733625,22.158958333333334
46.971875,47.55620833333333,25.185708333333334,44.866791666666664,22.220041666666667
47.109208333333335,47.692875,25.329625,44.99829166666667,22.312958333333334
47.254041666666666,47.83654166666667,25.471875,45.13129166666667,22.370958333333334
47.398208333333336,47.97954166666667,25.609625,45.27070833333333,22.409625
47.531875,48.12295833333334,25.749541666666666,45.412625,22.500125
47.67129166666667,48.265791666666665,25.783541666666668,45.54629166666667,22.562041666666666
47.812625,48.408625,25.892875,45.68179166666667,22.617708333333333
47.954458333333335,48.551625,26.031541666666666,45.81254166666667,22.710125
48.09495833333333,48.69520833333333,26.087208333333333,45.94520833333333,22.758958333333332
48.239375,48.83929166666667,26.171125,46.08495833333333,22.771291666666666
48.37679166666667,48.980958333333334,26.314041666666668,46.221625,22.859041666666666
48.520375,49.123958333333334,26.382875,46.36054166666667,22.931125
48.65904166666667,49.267041666666664,26.454291666666666,46.492375,22.963125
48.806625,49.410291666666666,26.597208333333334,46.628791666666665,23.026708333333332
48.94070833333333,49.552791666666664,26.740041666666666,46.768208333333334,23.122125
49.085541666666664,49.69620833333333,26.878208333333333,46.900625,23.195541666666667
49.22320833333333,49.838625,27.018708333333333,47.037375,23.294708333333332
49.37054166666667,49.982125,27.162041666666667,47.176625,23.392291666666665
49.50470833333333,50.125708333333336,27.219625,47.313541666666666,23.432291666666668
49.64845833333333,50.26804166666667,27.301041666666666,47.45279166666667,23.458375
49.78729166666667,50.41204166666667,27.341875,47.591375,23.556791666666665
49.93179166666667,50.55354166666667,27.441708333333334,47.729958333333336,23.64945833333333
50.06845833333333,50.695458333333335,27.585625,47.85420833333333,23.716791666666666
50.210625,50.83754166666667,27.657458333333334,47.984791666666666,23.735625
50.35095833333333,50.981291666666664,27.724208333333333,48.12354166666667,23.824625
50.49520833333333,51.12079166666667,27.866291666666665,48.260375,23.906958333333332
50.632875,51.26295833333333,28.009375,48.39870833333333,24.003291666666666
50.777875,51.405541666666664,28.055625,48.535375,24.111041666666665
50.91695833333333,51.548208333333335,28.063208333333332,48.67245833333333,24.149208333333334
51.059375,51.69104166666666,28.151291666666665,48.80345833333333,24.200541666666666
51.197208333333336,51.833875,28.192708333333332,48.936375,24.296791666666667
51.338125,51.97654166666667,28.295125,49.07579166666667,24.391125
51.47754166666667,52.119375,28.437541666666668,49.21779166666666,24.429625
51.62520833333333,52.262541666666664,28.575375,49.351875,24.487041666666666
51.759375,52.40495833333333,28.718291666666666,49.487875,24.546208333333333
51.90145833333333,52.54770833333333,28.75904166666667,49.622375,24.625708333333332
52.04179166666667,52.690958333333334,28.862041666666666,49.76179166666667,24.682875
52.18620833333333,52.833375,29.004375,49.899625,24.724541666666667
52.323875,52.97604166666667,29.078375,50.038625,24.768208333333334
52.46895833333333,53.118875,29.148541666666667,50.170125,24.872041666666668
52.60670833333333,53.26170833333333,29.189625,50.30670833333333,24.927375
52.750791666666665,53.40445833333333,29.209541666666667,50.445791666666665,24.943375
52.88795833333333,53.54720833333333,29.288125,50.582458333333335,25.040208333333332
53.030208333333334,53.690041666666666,29.331291666666665,50.71429166666667,25.140958333333334
53.170875,53.832875,29.360375,50.84654166666667,25.203958333333333
53.315041666666666,53.975625,29.431875,50.986375,25.260541666666665
53.45229166666667,54.118458333333336,29.571791666666666,51.12254166666666,25.351041666666667
53.594541666666665,54.261208333333336,29.716125,51.261291666666665,25.49095833333333
53.73504166666667,54.404041666666664,29.856375,51.39129166666667,25.547041666666665
53.87895833333334,54.546708333333335,29.998208333333334,51.524458333333335,25.568625
54.016125,54.68954166666666,30.141125,51.66395833333333,25.66304166666667
54.157291666666666,54.83229166666667,30.281541666666666,51.806125,25.752625
54.29954166666667,54.975208333333335,30.322458333333334,51.940125,25.852458333333335
54.438208333333336,55.117958333333334,30.424125,52.07720833333333,25.948125
54.577958333333335,55.26070833333333,30.567875,52.214125,26.014125
54.722375,55.40354166666667,30.608625,52.348875,26.102375
54.85970833333333,55.546375,30.71045833333333,52.485458333333334,26.202125
55.001958333333334,55.689125,30.746041666666667,52.62479166666667,26.268541666666668
55.142541666666666,55.83204166666667,30.752541666666666,52.75545833333333,26.362541666666665
55.286875,55.97479166666667,30.854875,52.890625,26.436625
55.424375,56.117625,30.997041666666668,53.03104166666667,26.537875
55.569541666666666,56.26054166666667,31.137958333333334,53.167375,26.635708333333334
55.70695833333333,56.40329166666667,31.179541666666665,53.30629166666667,26.700208333333332
55.854875,56.546125,31.190458333333332,53.43845833333334,26.790208333333332
55.988708333333335,56.688875,31.282208333333333,53.575541666666666,26.897375
56.133208333333336,56.831625,31.328458333333334,53.714708333333334,26.929458333333333
56.270875,56.97454166666667,31.421708333333335,53.85104166666667,26.966708333333333
56.41645833333333,57.11729166666667,31.563208333333332,53.97420833333333,26.997208333333333
56.55529166666667,57.26020833333333,31.706875,54.101708333333335,27.002625
56.69820833333333,57.40295833333333,31.753208333333333,54.243291666666664,27.063625
56.835875,57.545791666666666,31.845541666666666,54.376375,27.128375
56.978541666666665,57.688541666666666,31.88479166666667,54.51529166666667,27.160041666666668
57.123041666666666,57.831541666666666,31.986291666666666,54.649375,27.183875
57.25904166666667,57.974291666666666,32.027791666666666,54.788041666666665,27.224458333333335
57.40079166666667,58.11720833333333,32.043625,54.924958333333336,27.312125
57.54145833333333,58.25995833333333,32.129625,55.063541666666666,27.365541666666665
57.68279166666667,58.402875,32.270291666666665,55.202708333333334,27.417625
57.82545833333333,58.545625,32.41204166666667,55.34020833333334,27.451208333333334
57.96570833333333,58.688541666666666,32.48654166666667,55.472375,27.494041666666668
58.11020833333333,58.831375,32.556041666666665,55.609125,27.532625
58.24754166666666,58.97420833333333,32.608958333333334,55.74854166666667,27.587875
58.389875,59.116958333333336,32.698125,55.883208333333336,27.658041666666666
58.530541666666664,59.259791666666665,32.842708333333334,56.02220833333333,27.757125
58.67820833333333,59.402625,32.92970833333333,56.158791666666666,27.857625
58.812375,59.545458333333336,32.98520833333333,56.29895833333333,27.923791666666666
58.955625,59.688291666666665,33.123875,56.435375,27.998708333333333
59.09495833333333,59.831125,33.265625,56.57270833333333,28.056541666666668
59.236375,59.973958333333336,33.409958333333336,56.701708333333336,28.145375
59.380291666666665,60.116791666666664,33.472625,56.83379166666667,28.253375
59.517625,60.259625,33.548625,56.972541666666665,28.294125
59.658541666666665,60.402458333333335,33.601708333333335,57.109791666666666,28.332708333333333
59.803958333333334,60.545291666666664,33.689458333333334,57.24904166666666,28.427375
59.941875,60.688125,33.74704166666667,57.380125,28.521375
60.08904166666667,60.831041666666664,33.83345833333333,57.518875,28.589291666666668
60.22379166666666,60.97379166666666,33.882125,57.656708333333334,28.626791666666666
60.36570833333333,61.116708333333335,33.89120833333333,57.792875,28.689041666666668
60.506541666666664,61.259541666666664,33.973958333333336,57.932291666666664,28.786958333333335
60.64779166666667,61.402375,34.02129166666667,58.070541666666664,28.839708333333334
60.78820833333333,61.545208333333335,34.02395833333333,58.207625,28.856791666666666
60.930958333333336,61.688125,34.026291666666665,58.336625,28.965791666666668
61.07145833333333,61.830875,34.11754166666667,58.46879166666667,29.036458333333332
61.21254166666667,61.97379166666666,34.257375,58.607958333333336,29.120541666666668
61.353125,62.11654166666667,34.300625,58.74970833333333,29.185458333333333
61.49570833333333,62.259375,34.400625,58.884791666666665,29.219208333333334
61.63670833333333,62.402208333333334,34.540125,59.01920833333333,29.283791666666666
61.77820833333333,62.54504166666667,34.581208333333336,59.158625,29.321458333333332
61.918875,62.687875,34.59254166666667,59.29445833333333,29.366541666666667
62.061375,62.83079166666667,34.597875,59.429208333333335,29.423791666666666
62.202125,62.97354166666667,34.68304166666667,59.566125,29.494541666666667
62.347375,63.116458333333334,34.822541666666666,59.706125,29.527458333333332
62.484291666666664,63.259125,34.865875,59.84245833333333,29.558125
62.626875,63.40204166666667,34.966125,59.982375,29.633875
62.767625,63.544875,35.10970833333333,60.111125,29.709791666666668
62.912375,63.68779166666667,35.25395833333334,60.243208333333335,29.746875
63.049875,63.830625,35.396125,60.38229166666667,29.808041666666668
63.195125,63.97345833333333,35.43145833333333,60.52254166666667,29.858291666666666
63.33304166666667,64.11620833333333,35.439375,60.658791666666666,29.910208333333333
63.477375,64.259125,35.46179166666667,60.79045833333333,29.977458333333335
63.61479166666667,64.401875,35.54054166666667,60.929541666666665,30.077375
63.75720833333333,64.54479166666667,35.68320833333333,61.06604166666666,30.176625
63.897875,64.68754166666666,35.82445833333333,61.19920833333333,30.213208333333334
64.039375,64.83045833333334,35.86004166666667,61.33654166666667,30.238958333333333
64.180125,64.97320833333333,35.87445833333334,61.479875,30.308041666666668
64.32504166666666,65.11604166666666,35.96845833333333,61.616958333333336,30.357541666666666
64.46229166666667,65.258875,36.009541666666664,61.75354166666666,30.370958333333334
64.60770833333333,65.40170833333333,36.026125,61.889375,30.449125
64.74570833333334,65.54454166666666,36.10970833333333,62.02979166666667,30.485458333333334
64.88829166666666,65.68745833333334,36.15029166666667,62.167791666666666,30.50829166666667
65.02945833333334,65.83029166666667,36.25270833333333,62.304208333333335,30.593791666666668
65.174875,65.973125,36.39420833333333,62.442458333333335,30.637375
65.312875,66.115875,36.53404166666667,62.574958333333335,30.649958333333334
65.458375,66.25870833333333,36.577041666666666,62.70695833333333,30.692291666666666
65.59654166666667,66.40154166666666,36.678875,62.84620833333334,30.756125
65.74245833333333,66.544375,36.73645833333333,62.987541666666665,30.846375
65.880375,66.687125,36.820708333333336,63.12329166666667,30.941791666666667
66.02579166666666,66.83004166666667,36.966625,63.25570833333333,30.984208333333335
66.16395833333333,66.97279166666667,37.013041666666666,63.392291666666665,31.027125
66.309625,67.115625,37.018791666666665,63.531625,31.119791666666668
66.447875,67.25829166666666,37.05354166666667,63.669041666666665,31.185458333333333
66.59079166666666,67.40104166666667,37.105875,63.808625,31.262625
66.730625,67.54395833333334,37.247375,63.947875,31.320625
66.875125,67.686875,37.28854166666667,64.091625,31.409708333333334
67.013125,67.829875,37.39095833333333,64.229875,31.518041666666665
67.15870833333334,67.97320833333333,37.44320833333333,64.36520833333333,31.561125
67.29679166666666,68.116375,37.533791666666666,64.49745833333333,31.598458333333333
67.44145833333333,68.25929166666667,37.575041666666664,64.63454166666666,31.641041666666666
67.579375,68.40279166666667,37.67829166666667,64.773875,31.655041666666666
67.72345833333334,68.54654166666667,37.748625,64.912125,31.695541666666667
67.86329166666667,68.691125,37.76529166666667,65.05354166666666,31.797375
68.008125,68.83429166666667,37.820791666666665,65.18770833333333,31.853375
68.14579166666667,68.97779166666666,37.963375,65.32329166666666,31.862291666666668
68.29129166666667,69.121125,38.002625,65.45595833333333,31.958708333333334
68.42945833333333,69.264125,38.106875,65.58970833333333,32.03329166666666
68.57404166666667,69.40695833333334,38.192458333333335,65.73320833333334,32.13120833333333
68.71179166666667,69.55129166666667,38.24845833333333,65.872125,32.228208333333335
68.85579166666666,69.69379166666667,38.32895833333333,66.00779166666666,32.291291666666666
68.99554166666667,69.83720833333334,38.390875,66.14604166666666,32.367958333333334
69.139625,69.980875,38.53145833333333,66.286875,32.428625
69.27679166666667,70.12404166666667,38.581541666666666,66.422625,32.50570833333333
69.42045833333333,70.26779166666667,38.674458333333334,66.56004166666666,32.563875
69.559375,70.41120833333333,38.817708333333336,66.700125,32.64629166666667
69.70179166666667,70.554625,38.866458333333334,66.83679166666667,32.742875
69.843125,70.69754166666667,38.95695833333333,66.97604166666666,32.811875
69.98504166666666,70.84129166666666,39.098625,67.11429166666667,32.89729166666667
70.125875,70.98479166666667,39.137791666666665,67.25254166666667,33.001125
70.26829166666667,71.12829166666667,39.156375,67.395375,33.05670833333333
70.40954166666667,71.27170833333334,39.243291666666664,67.52920833333333,33.069875
70.55320833333333,71.41520833333334,39.29170833333333,67.65920833333334,33.16795833333333
70.69229166666666,71.55870833333333,39.383625,67.791125,33.266875
70.834875,71.701875,39.433458333333334,67.93095833333334,33.39545833333333
70.975875,71.84670833333334,39.43604166666667,68.06845833333334,33.46295833333333
71.120875,71.989125,39.441291666666665,68.20845833333334,33.554125
71.25870833333333,72.13354166666667,39.526375,68.346125,33.66129166666666
71.404375,72.27529166666666,39.670875,68.47895833333334,33.731875
71.542375,72.41820833333334,39.711875,68.61629166666667,33.830708333333334
71.69020833333333,72.559375,39.81395833333333,68.755875,33.906375
71.82445833333334,72.70779166666667,39.855375,68.89095833333333,33.930125
71.96654166666667,72.84670833333334,39.95829166666667,69.030125,33.995875
72.10754166666666,72.98895833333333,40.100625,69.168625,34.056958333333334
72.25279166666667,73.13745833333333,40.13979166666667,69.30729166666667,34.112375
72.39045833333333,73.27504166666667,40.24429166666667,69.44645833333334,34.155458333333335
72.53604166666666,73.418375,40.38729166666667,69.586125,34.211375
72.673625,73.562125,40.43620833333333,69.72404166666666,34.322375
72.82195833333333,73.70620833333334,40.52770833333334,69.86395833333333,34.41970833333333
72.957875,73.85054166666667,40.58029166666667,70.003875,34.48229166666667
73.10154166666666,73.99345833333334,40.585541666666664,70.14654166666666,34.558708333333335
73.23970833333334,74.13770833333334,40.670625,70.28120833333334,34.619625
73.387125,74.279875,40.712125,70.417875,34.70245833333333
73.52170833333334,74.42795833333334,40.81370833333333,70.55629166666667,34.738958333333336
73.66670833333333,74.56345833333333,40.855041666666665,70.69295833333334,34.758208333333336
73.805625,74.71195833333333,40.957708333333336,70.83154166666667,34.827958333333335
73.948625,74.85120833333333,41.028375,70.960375,34.894375
74.08645833333334,74.99479166666667,41.100291666666664,71.09570833333333,34.99604166666666
,75.13795833333333,41.152625,71.23754166666667,35.051875
,75.28079166666667,41.239375,71.376125,35.094791666666666
,75.424125,41.38070833333333,71.515375,35.16795833333333
,75.56779166666666,41.523375,71.65545833333333,35.264208333333336
,75.711125,41.66854166666667,71.79220833333333,35.36170833333333
,75.85429166666667,41.707708333333336,71.932125,35.417291666666664
,75.99779166666667,41.811708333333335,72.06954166666667,35.426458333333336
,76.14145833333333,41.853208333333335,72.193375,35.51045833333333
,76.28470833333333,41.956375,72.32204166666666,35.610625
,76.42929166666667,42.09845833333333,72.459375,35.677958333333336
,76.57229166666667,42.242625,72.61020833333333,35.778375
,76.716875,42.38529166666667,72.73595833333333,35.83445833333333
,76.860375,42.52404166666667,72.87154166666667,35.87795833333333
,77.00420833333334,42.563375,73.012625,35.938541666666666
,77.149375,42.66695833333333,73.15179166666667,36.002375
,77.292875,42.706125,73.28895833333333,36.101375
,77.43595833333333,42.810375,73.42654166666667,36.214125
,77.579875,42.88245833333333,73.566625,36.26654166666667
,77.723375,42.954875,73.69779166666666,36.358125
,77.86695833333333,43.09654166666667,73.83654166666666,36.398625
,78.01054166666667,43.24004166666667,73.978875,36.448375
,78.15529166666667,43.382375,74.11595833333334,36.536791666666666
,78.29820833333333,43.52504166666667,74.25204166666667,36.560541666666666
,78.44254166666667,43.571625,74.38879166666666,36.636291666666665
,78.58504166666667,43.66704166666667,74.52829166666666,36.67129166666667
,78.73320833333334,43.706208333333336,74.66695833333333,36.71870833333333
,78.869625,43.716791666666666,74.81029166666667,36.742625
,79.01304166666667,43.73979166666667,74.94420833333334,36.810875
,79.15604166666667,43.81154166666666,75.07020833333333,36.891125
,79.299875,43.857875,75.208125,36.985458333333334
,79.44395833333333,43.953125,75.34579166666667,37.083125
,79.58729166666667,43.99454166666667,75.48720833333333,37.14445833333333
,79.731625,44.00320833333333,75.623625,37.22295833333333
,79.87479166666667,44.097125,75.76379166666666,37.28245833333333
,80.01929166666666,44.23970833333333,75.900875,37.37554166666666
,80.16270833333333,44.383125,76.04120833333333,37.431375
,80.30654166666666,44.52554166666667,76.18079166666666,37.47445833333333
,80.45129166666666,44.564875,76.32120833333333,37.561458333333334
,80.594375,44.667125,76.456625,37.58770833333333
,80.73795833333334,44.70995833333333,76.59554166666666,37.649541666666664
,80.88195833333333,44.745875,76.73804166666666,37.717125
,81.026625,44.81195833333334,76.87229166666667,37.816125
,81.16895833333334,44.85104166666667,77.00420833333334,37.89720833333333
,81.31704166666667,44.867625,77.13870833333333,37.992375
,81.453875,44.951875,77.28254166666666,38.072125
,81.59704166666667,45.01470833333333,77.42154166666667,38.164791666666666
,81.73995833333333,45.09354166666667,77.55829166666666,38.255291666666665
,81.88329166666666,45.23929166666667,77.695375,38.353291666666664
,82.026625,45.28579166666667,77.83545833333334,38.41945833333333
,82.17170833333333,45.30195833333333,77.97104166666666,38.518458333333335
,82.313875,45.378875,78.11129166666667,38.614041666666665
,82.46204166666666,45.52070833333333,78.24879166666666,38.701375
,82.59770833333333,45.664291666666664,78.387125,38.780375
,82.746375,45.80820833333333,,38.88579166666667
,82.884375,45.849375,,38.98204166666667
,83.02829166666666,45.952625,,39.07029166666667
,83.17220833333333,46.095708333333334,,39.09670833333333
,83.31629166666667,46.148041666666664,,39.165958333333336
,83.46104166666667,46.23529166666667,,39.21129166666667
,83.60329166666666,46.376625,,39.235875
,83.75079166666667,46.52054166666667,,39.33495833333333
,83.887375,46.661541666666665,,39.399875
,84.036125,46.713625,,39.43570833333333
,84.173875,46.804541666666665,,39.498125
,84.31770833333333,46.845625,,39.56045833333334
,84.462875,46.84829166666667,,39.658375
,84.605375,46.948875,,39.720625
,84.75354166666666,46.989875,,39.813875
,84.89054166666666,46.992375,,39.900375
,85.03329166666667,47.00729166666667,,39.99679166666667
,85.17870833333333,47.09129166666666,,40.10070833333333
,85.321375,47.235958333333336,,40.18020833333333
,,47.378625,,40.277125
,,47.441541666666666,,40.373125
,,47.519375,,40.43595833333333
,,47.66470833333333,,40.49670833333333
,,47.807625,,40.593375
,,47.84879166666666,,40.67095833333333
,,47.95245833333333,,40.76504166666667
,,48.095125,,40.787375
,,48.238458333333334,,40.846291666666666
,,48.37920833333333,,40.88429166666667
,,48.461375,,40.938875
,,48.522375,,41.030375
,,48.600541666666665,,41.128875
,,48.60454166666667,,41.164875
,,48.66545833333333,,41.169625
,,48.80529166666667,,41.20079166666667
,,48.859458333333336,,41.296875
,,48.94920833333333,,41.395625
,,49.027541666666664,,41.42720833333333
,,49.031625,,41.45804166666667
,,49.091875,,41.486375
,,49.236041666666665,,41.53454166666667
,,49.27704166666667,,41.594208333333334
,,49.380875,,41.690375
,,49.435375,,41.773875
,,49.52229166666667,,41.868541666666665
,,49.56345833333334,,41.93920833333333
,,49.666375,,42.03854166666667
,,49.72045833333333,,42.107791666666664
,,49.80945833333333,,42.13879166666667
,,49.954375,,42.20395833333333
,,50.096291666666666,,42.28245833333333
,,50.240875,,42.317625
,,50.322875,,42.34345833333333
,,50.383291666666665,,42.43745833333333
,,50.465291666666666,,42.533541666666665
,,50.526041666666664,,42.62504166666667
,,50.66504166666667,,42.692458333333335
,,50.80679166666667,,42.777125
,,50.950041666666664,,42.83495833333333
,,51.09520833333333,,42.881541666666664
,,51.23829166666667,,42.96295833333333
,,51.31704166666667,,43.05679166666667
,,51.384541666666664,,43.151625
,,51.42570833333333,,43.206375
,,51.43395833333334,,43.25454166666667
,,51.524791666666665,,43.300375
,,51.56570833333333,,43.409625
,,51.66679166666667,,43.484208333333335
,,51.71604166666667,,43.578041666666664
,,51.81154166666666,,43.668125
,,51.854375,,43.765458333333335
,,51.95545833333333,,43.82895833333333
,,52.101958333333336,,43.91370833333333
,,52.149125,,43.981875
,,52.24220833333333,,44.02070833333333
,,52.38670833333333,,44.105958333333334
,,52.42754166666667,,44.205125
,,52.528625,,44.31229166666667
,,52.569541666666666,,44.348375
,,52.673791666666666,,44.40479166666667
,,52.71570833333333,,44.50095833333334
,,52.722791666666666,,44.580375
,,52.72795833333333,,44.673875
,,52.814708333333336,,44.769375
,,52.95845833333333,,44.831375
,,53.103541666666665,,44.900875
,,53.247625,,44.96579166666667
,,53.28870833333333,,45.059125
,,53.39095833333333,,45.15079166666667
,,53.53595833333333,,45.24095833333333
,,53.678958333333334,,45.307208333333335
,,53.824125,,45.396791666666665
,,53.87595833333334,,45.49270833333333
,,53.967875,,45.539125
,,54.113958333333336,,45.587125
,,54.16320833333333,,45.659875
,,54.254875,,45.695625
,,54.296125,,45.753125
,,54.39779166666667,,45.85220833333333
,,54.541291666666666,,45.887375
,,54.686625,,45.914291666666664
,,54.829458333333335,,45.989625
,,54.88370833333333,,46.067458333333335
,,54.97479166666667,,46.166625
,,55.016375,,46.26054166666667
,,55.02379166666667,,46.350291666666664
,,55.115625,,46.417541666666665
,,55.259791666666665,,46.49995833333333
,,55.40304166666667,,46.600208333333335
,,55.548208333333335,,46.668125
,,55.688375,,46.762708333333336
,,55.737625,,46.84654166666667
,,55.740291666666664,,46.88270833333333
,,55.832625,,46.93845833333334
,,55.972875,,47.02245833333333
,,56.01379166666667,,47.124875
,,56.04420833333333,,47.226375
,,56.11720833333333,,47.290958333333336
,,56.259125,,47.319541666666666
,,56.404041666666664,,47.368541666666665
,,56.546125,,47.42695833333333
,,56.62854166666666,,47.519041666666666
,,56.686375,,47.61770833333333
,,56.768875,,47.703375
,,56.773208333333336,,47.793875
,,56.832375,,47.86929166666667
,,56.87345833333333,,47.91220833333333
,,56.881541666666664,,47.97229166666666
,,56.97229166666666,,48.07395833333333
,,57.11595833333333,,48.139541666666666
,,57.260375,,48.229375
,,57.405125,,48.278958333333335
,,57.44804166666667,,48.32779166666667
,,57.478625,,48.41395833333333
,,57.550625,,48.506708333333336
,,57.60004166666667,,48.57454166666667
,,57.69204166666667,,48.658625
,,57.733958333333334,,48.755125
,,57.835375,,48.821625
,,57.89245833333333,,48.906625
,,57.980125,,49.012541666666664
,,58.12470833333333,,49.09854166666667
,,58.26779166666667,,49.195541666666664
,,58.310125,,49.363708333333335
,,58.414125,,49.462291666666665
,,58.45520833333333,,49.539625
,,58.55704166666667,,49.64129166666667
,,58.613958333333336,,49.692458333333335
,,58.70245833333333,,49.744791666666664
,,58.75179166666667,,49.814791666666665
,,58.757041666666666,,49.913375
,,58.844208333333334,,50.012208333333334
,,58.915708333333335,,50.073541666666664
,,58.987541666666665,,50.135125
,,59.044625,,50.224125
,,59.13245833333333,,50.287875
,,59.276375,,50.345125
,,59.42104166666667,,50.441541666666666
,,59.56679166666667,,50.501041666666666
,,59.61604166666667,,50.584291666666665
,,59.708875,,50.688875
,,59.74995833333333,,50.77195833333333
,,59.85254166666667,,50.867375
,,59.909375,,50.96704166666667
,,59.99729166666667,,51.03404166666667
,,60.029625,,51.13370833333333
,,60.05404166666667,,51.233041666666665
,,60.141041666666666,,51.273375
,,60.198125,,51.294291666666666
,,60.284875,,51.32904166666667
,,60.325625,,51.433791666666664
,,60.341875,,51.51079166666667
,,60.430375,,51.59854166666667
,,60.47170833333333,,51.65329166666667
,,60.479791666666664,,51.706125
,,60.48495833333333,,51.80345833333333
,,60.57095833333333,,51.84670833333333
,,60.603291666666664,,51.86870833333333
,,60.612125,,51.95195833333333
,,60.620375,,52.015708333333336
,,60.714708333333334,,52.09845833333333
,,60.766625,,52.15929166666667
,,60.771625,,52.22595833333333
,,60.859625,,52.311625
,,61.00304166666667,,52.40804166666667
,,61.043875,,52.471125
,,61.077708333333334,,52.565125
,,61.148208333333336,,52.732708333333335
,,61.197625,,52.80620833333333
,,61.29270833333333,,52.906708333333334
,,61.333375,,52.95995833333333
,,61.43845833333334,,53.006625
,,61.509625,,53.071041666666666
,,61.58229166666667,,53.136125
,,61.634125,,53.20404166666667
,,61.727625,,53.298125
,,61.870125,,53.356125
,,61.910875,,53.390708333333336
,,61.927458333333334,,53.430375
,,62.015625,,53.481458333333336
,,62.159708333333334,,53.517375
,,62.213875,,53.546458333333334
,,62.299791666666664,,53.62079166666667
,,62.349291666666666,,53.649458333333335
,,62.442125,,53.68304166666667
,,62.516625,,53.76179166666667
,,62.587291666666665,,53.83454166666667
,,62.731291666666664,,53.93004166666667
,,62.78104166666667,,54.018458333333335
,,62.876041666666666,,54.11570833333333
,,63.018458333333335,,54.17254166666667
,,63.07020833333333,,54.200208333333336
,,63.163625,,54.29895833333333
,,63.218125,,54.408125
,,63.30529166666667,,54.513875
,,63.34620833333334,,54.595625
,,63.450041666666664,,54.68870833333333
,,63.491958333333336,,54.771375
,,63.595125,,54.871208333333335
,,63.63704166666667,,54.978125
,,63.644625,,55.076541666666664
,,63.738791666666664,,55.09770833333334
,,63.779625,,55.138041666666666
,,63.88279166666667,,55.222125
,,63.94020833333333,,55.31345833333334
,,64.02845833333333,,55.41020833333334
,,64.16904166666667,,55.489125
,,64.210875,,55.584291666666665
,,64.220875,,55.68020833333333
,,64.31395833333333,,55.74229166666667
,,64.363125,,55.81529166666667
,,64.455625,,55.872625
,,64.59970833333334,,55.898875
,,64.65145833333334,,55.956208333333336
,,64.743625,,56.022958333333335
,,64.89104166666667,,56.102125
,,64.93995833333334,,56.167541666666665
,,65.03170833333333,,56.252125
,,65.073875,,56.348708333333335
,,65.10804166666667,,56.41554166666667
,,65.174875,,56.49904166666666
,,65.21579166666666,,56.601125
,,65.31970833333334,,56.669875
,,65.465875,,56.77045833333333
,,65.60954166666667,,56.82279166666667
,,65.64995833333333,,56.871125
,,65.75495833333333,,56.91204166666667
,,65.89695833333333,,56.931875
,,66.04079166666666,,56.98495833333333
,,66.18529166666667,,57.07845833333333
,,66.331375,,57.15604166666667
,,66.473625,,57.238791666666664
,,66.61670833333334,,57.34254166666667
,,66.67420833333334,,57.447625
,,66.76179166666667,,57.528625
,,66.804875,,57.621875
,,66.907375,,57.71704166666667
,,66.94829166666666,,57.778958333333335
,,67.05245833333333,,57.868625
,,67.085625,,57.971625
,,67.093125,,58.039208333333335
,,67.198875,,58.13195833333333
,,67.23954166666667,,58.193875
,,67.340375,,58.200041666666664
,,67.381125,,58.207125
,,67.482875,,58.309041666666666
,,67.52354166666667,,58.40720833333334
,,67.62879166666667,,58.49120833333333
,,67.66954166666666,,58.59229166666667
,,67.67145833333333,,58.677875
,,67.77345833333334,,58.77545833333333
,,67.80620833333333,,58.84245833333333
,,67.81379166666666,,58.943875
,,67.830375,,59.043625
,,67.919125,,59.11270833333333
,,67.98629166666667,,59.21720833333333
,,68.059875,,59.310208333333335
,,68.102875,,59.402625
,,68.20379166666666,,59.464708333333334
,,68.23695833333333,,59.55329166666667
,,68.348875,,59.655458333333335
,,68.37745833333334,,59.718375
,,68.38970833333333,,59.756375
,,68.417625,,59.80170833333333
,,68.494875,,59.83654166666667
,,68.530625,,59.86729166666667
,,68.63954166666667,,59.95245833333333
,,68.67270833333333,,60.05104166666667
,,68.78604166666666,,60.11570833333333
,,68.92629166666667,,60.20529166666667
,,68.978375,,60.273625
,,69.06929166666667,,60.30795833333333
,,69.11720833333334,,60.371125
,,69.126625,,60.462625
,,69.21529166666667,,60.56120833333333
,,69.25795833333333,,60.652458333333335
,,69.359375,,60.682291666666664
,,69.39204166666667,,60.71370833333334
,,69.39954166666666,,60.793458333333334
,,69.416375,,60.84945833333333
,,69.50504166666667,,60.92604166666667
,,69.54770833333333,,60.98770833333333
,,69.646875,,61.041375
,,69.695125,,61.07729166666667
,,69.79020833333334,,61.137208333333334
,,69.838125,,61.19679166666667
,,69.84770833333333,,61.28995833333333
,,69.93504166666666,,61.333125
,,69.97570833333333,,61.387625
,,70.080125,,61.47645833333333
,,70.22529166666666,,61.54445833333333
,,70.371875,,61.645375
,,70.41445833333333,,61.73529166666667
,,70.43829166666667,,61.827708333333334
,,70.512625,,61.892208333333336
,,70.65429166666667,,61.978291666666664
,,70.69495833333333,,62.086958333333335
,,70.80045833333334,,62.166041666666665
,,70.84895833333333,,62.26145833333333
,,70.94329166666667,,62.29745833333333
,,71.00095833333333,,62.36004166666667
,,71.08854166666667,,62.425375
,,71.12929166666666,,62.52579166666667
,,71.14579166666667,,62.619375
,,71.233875,,62.716375
,,71.27470833333334,,62.80920833333333
,,71.37829166666667,,62.886541666666666
,,71.523625,,62.923791666666666
,,71.67004166666666,,62.99270833333333
,,71.81245833333334,,63.056625
,,71.85320833333333,,63.093625
,,71.95629166666667,,63.132625
,,72.10095833333334,,63.15954166666667
,,72.24629166666666,,63.23070833333333
,,72.27895833333334,,63.25204166666666
,,72.39045833333333,,63.295791666666666
,,72.53579166666667,,63.397958333333335
,,72.57629166666666,,63.441125
,,72.57879166666666,,63.496625
,,72.587375,,63.559625
,,72.677375,,63.597541666666665
,,72.72879166666667,,63.643375
,,72.820125,,63.68479166666667
,,72.84854166666666,,63.71545833333333
,,72.86095833333333,,63.80704166666667
,,72.96595833333333,,63.982875
,,73.11104166666667,,64.081375
,,73.139375,,64.16104166666666
,,73.25720833333334,,64.26404166666667
,,73.305375,,64.37054166666667
,,73.39854166666667,,64.405125
,,73.44154166666667,,64.464625
,,73.54445833333334,,64.549375
,,73.68770833333333,,64.650375
,,73.72070833333333,,64.742875
,,73.73529166666667,,64.83929166666667
,,73.831625,,64.87320833333334
,,73.87945833333333,,64.907625
,,73.97695833333333,,65.007625
,,74.04854166666667,,65.10829166666667
,,74.12295833333333,,65.173375
,,74.265625,,65.25420833333334
,,74.306125,,65.30920833333333
,,74.31354166666667,,65.35004166666667
,,74.41020833333333,,65.381125
,,74.45070833333334,,65.45220833333333
,,74.555125,,65.55229166666666
,,74.595875,,65.60470833333333
,,74.700625,,65.65104166666667
,,74.84220833333333,,65.716125
,,74.882875,,65.771875
,,74.890375,,65.86779166666666
,,74.98579166666667,,65.92579166666667
,,75.01395833333333,,65.968875
,,75.02879166666666,,66.01320833333334
,,75.03379166666667,,66.12054166666667
,,75.131625,,66.21379166666667
,,75.16529166666666,,66.306625
,,75.27679166666667,,66.374875
,,75.31754166666667,,66.47479166666666
,,75.42379166666667,,66.523875
,,75.46679166666667,,66.57020833333333
,,75.56629166666667,,66.66079166666667
,,75.60695833333334,,66.69779166666666
,,75.70970833333334,,66.73054166666667
,,75.73070833333334,,66.824875
,,75.78520833333333,,66.90054166666667
,,75.85570833333334,,67.00004166666666
,,75.896625,,67.100375
,,76.00129166666666,,67.16454166666666
,,76.04204166666666,,67.23979166666666
,,76.14654166666666,,67.260875
,,76.28929166666667,,67.303625
,,76.32995833333334,,67.39720833333334
,,76.43495833333333,,67.493125
,,76.49104166666666,,67.587125
,,76.57795833333333,,67.652375
,,76.61620833333333,,67.747875
,,76.61870833333333,,67.81595833333333
,,76.625875,,67.822875
,,76.72329166666667,,67.862875
,,76.79254166666666,,67.91979166666667
,,76.867375,,68.01070833333333
,,76.940375,,68.10329166666666
,,77.01129166666666,,68.16554166666667
,,77.15520833333333,,68.255875
,,77.30179166666667,,68.35754166666666
,,77.334375,,68.393375
,,77.344875,,68.42170833333333
,,77.443875,,68.504375
,,77.48479166666667,,68.567875
,,77.58695833333333,,68.602125
,,77.627875,,68.667875
,,77.732875,,68.74654166666667
,,77.878125,,68.77845833333333
,,78.023625,,68.80504166666667
,,78.16479166666667,,68.84770833333333
,,78.310625,,68.95004166666666
,,78.454375,,69.002125
,,78.497375,,69.04795833333333
,,78.600375,,69.13579166666666
,,78.742625,,69.20795833333334
,,78.783625,,69.31254166666666
,,78.88704166666666,,69.40954166666667
,,79.00925,,69.49420833333333
,,,,69.596625
,,,,69.67720833333334
,,,,69.769625
,,,,69.86479166666666
,,,,69.92920833333334
,,,,69.96779166666667
,,,,69.99904166666667
,,,,70.06720833333334
,,,,70.09404166666667
,,,,70.16979166666667
,,,,70.268125
,,,,70.35920833333333
,,,,70.42779166666666
,,,,70.53045833333333
,,,,70.637125
,,,,70.696875
,,,,70.77729166666667
,,,,70.84529166666667
,,,,70.93545833333333
,,,,70.993625
,,,,71.037375
,,,,71.10179166666667
,,,,71.19104166666666
,,,,71.29429166666667
,,,,71.36079166666667
,,,,71.45954166666667
,,,,71.517625
,,,,71.54754166666666
,,,,71.64429166666666
,,,,71.70245833333334
,,,,71.70545833333334
,,,,71.79854166666667
,,,,71.89579166666667
,,,,71.99395833333334
,,,,72.066375
,,,,72.16154166666666
,,,,72.262625
,,,,72.33029166666667
,,,,72.432375
,,,,72.53104166666667
,,,,72.597125
,,,,72.68920833333334
,,,,72.78120833333334
,,,,72.812375
,,,,72.87770833333333
,,,,72.94470833333334
,,,,73.04479166666667
,,,,73.14670833333334
,,,,73.210375
,,,,73.239375
,,,,73.286125
,,,,73.315125
,,,,73.34445833333334
,,,,73.430375
,,,,73.53404166666667
,,,,73.57004166666667
,,,,73.61420833333334
,,,,73.71054166666667
,,,,73.81370833333334
,,,,73.88870833333333
,,,,73.98220833333333
,,,,74.067125
,,,,74.171625
,,,,74.22945833333333
,,,,74.272625
,,,,74.33454166666667
,,,,74.41795833333333
,,,,74.48245833333333
,,,,74.56604166666666
,,,,74.667375
,,,,74.73495833333334
,,,,74.77504166666667
,,,,74.83704166666666
,,,,74.937875
,,,,75.00479166666666
,,,,75.09895833333333
,,,,75.17229166666667
,,,,75.26879166666667
,,,,75.342875
,,,,75.44445833333333
,,,,75.546625
,,,,75.60929166666666
,,,,75.67670833333334
,,,,75.717625
,,,,75.73895833333333
,,,,75.802375
,,,,75.90295833333333
,,,,75.94920833333333
,,,,75.958375
,,,,76.00104166666667
,,,,76.064625
,,,,76.16695833333333
